playername,teamname,position,patch,year,date,golddiffat15,xpdiffat15,csdiffat15,goldat15,xpat15,csat15,kills,deaths,assists,teamkills,dpm,damageshare,damagetakenperminute,damagemitigatedperminute,visionscore,vspm,wardsplaced,wardskilled,wpm,wcpm,controlwardsbought,earnedgold,earned gpm,earnedgoldshare,cspm,damagetotowers,firstbloodkill,firstbloodassist,firstbloodvictim,league,datacompleteness,gamelength,result,season,riot_id,tagline
Canyon,Dplus Kia,jng,13.01,2023,2023-01-18 08:17:31,338.0,-3.0,-6.0,5293.0,5306.0,93.0,4,1,5,20,342.0796,0.118761,770.0774,406.3274,83.0,2.7544,31.0,19.0,1.0288,0.6305,12.0,7129,236.5819,0.174023,5.9735,2024.0,0.0,0.0,0.0,LCK,complete,1808,1,2023,JUGKlNG,kr
Canyon,Dplus Kia,jng,13.01,2023,2023-01-18 08:17:31,338.0,-3.0,-6.0,5293.0,5306.0,93.0,4,1,5,20,342.0796,0.118761,770.0774,406.3274,83.0,2.7544,31.0,19.0,1.0288,0.6305,12.0,7129,236.5819,0.174023,5.9735,2024.0,0.0,0.0,0.0,LCK,complete,1808,1,2023,그어살,KR1
Canyon,Dplus Kia,jng,13.01,2023,2023-01-18 08:17:31,338.0,-3.0,-6.0,5293.0,5306.0,93.0,4,1,5,20,342.0796,0.118761,770.0774,406.3274,83.0,2.7544,31.0,19.0,1.0288,0.6305,12.0,7129,236.5819,0.174023,5.9735,2024.0,0.0,0.0,0.0,LCK,complete,1808,1,2023,HUANG TONG DAYE,KR1
ShowMaker,Dplus Kia,mid,13.01,2023,2023-01-18 08:17:31,410.0,-32.0,10.0,5333.0,7356.0,142.0,3,2,8,20,571.2942,0.198339,684.0265,598.7389,35.0,1.1615,13.0,5.0,0.4314,0.1659,13.0,8896,295.2212,0.217156,9.292,4328.0,0.0,0.0,1.0,LCK,complete,1808,1,2023,DK ShowMaker,KR1
ShowMaker,Dplus Kia,mid,13.01,2023,2023-01-18 08:17:31,410.0,-32.0,10.0,5333.0,7356.0,142.0,3,2,8,20,571.2942,0.198339,684.0265,598.7389,35.0,1.1615,13.0,5.0,0.4314,0.1659,13.0,8896,295.2212,0.217156,9.292,4328.0,0.0,0.0,1.0,LCK,complete,1808,1,2023,DWG KIA,KR1
ShowMaker,Dplus Kia,mid,13.01,2023,2023-01-18 08:17:31,410.0,-32.0,10.0,5333.0,7356.0,142.0,3,2,8,20,571.2942,0.198339,684.0265,598.7389,35.0,1.1615,13.0,5.0,0.4314,0.1659,13.0,8896,295.2212,0.217156,9.292,4328.0,0.0,0.0,1.0,LCK,complete,1808,1,2023,MIDKING,asd
Croco,DRX,jng,13.01,2023,2023-01-18 08:17:31,-338.0,3.0,6.0,4955.0,5309.0,99.0,1,3,2,4,505.1881,0.260044,1045.4867,792.0133,34.0,1.1283,4.0,6.0,0.1327,0.1991,3.0,4293,142.4668,0.168757,4.8119,0.0,1.0,0.0,0.0,LCK,complete,1808,0,2023,김김김,KR2
Croco,DRX,jng,13.01,2023,2023-01-18 08:17:31,-338.0,3.0,6.0,4955.0,5309.0,99.0,1,3,2,4,505.1881,0.260044,1045.4867,792.0133,34.0,1.1283,4.0,6.0,0.1327,0.1991,3.0,4293,142.4668,0.168757,4.8119,0.0,1.0,0.0,0.0,LCK,complete,1808,0,2023,모두다함께차차차,KR1
Croco,DRX,jng,13.01,2023,2023-01-18 08:17:31,-338.0,3.0,6.0,4955.0,5309.0,99.0,1,3,2,4,505.1881,0.260044,1045.4867,792.0133,34.0,1.1283,4.0,6.0,0.1327,0.1991,3.0,4293,142.4668,0.168757,4.8119,0.0,1.0,0.0,0.0,LCK,complete,1808,0,2023,운동된다이거,0223
FATE,DRX,mid,13.01,2023,2023-01-18 08:17:31,-410.0,32.0,-10.0,4923.0,7388.0,132.0,0,4,3,4,426.8695,0.21973,541.7588,387.3451,21.0,0.6969,13.0,4.0,0.4314,0.1327,5.0,6053,200.8739,0.237941,8.8274,74.0,0.0,1.0,0.0,LCK,complete,1808,0,2023,FATE,0822
FATE,DRX,mid,13.01,2023,2023-01-18 08:17:31,-410.0,32.0,-10.0,4923.0,7388.0,132.0,0,4,3,4,426.8695,0.21973,541.7588,387.3451,21.0,0.6969,13.0,4.0,0.4314,0.1327,5.0,6053,200.8739,0.237941,8.8274,74.0,0.0,1.0,0.0,LCK,complete,1808,0,2023,hakujitsu,KR2
FATE,DRX,mid,13.01,2023,2023-01-18 08:17:31,-410.0,32.0,-10.0,4923.0,7388.0,132.0,0,4,3,4,426.8695,0.21973,541.7588,387.3451,21.0,0.6969,13.0,4.0,0.4314,0.1327,5.0,6053,200.8739,0.237941,8.8274,74.0,0.0,1.0,0.0,LCK,complete,1808,0,2023,정재이스,617
Oner,T1,jng,13.01,2023,2023-01-18 11:00:07,-130.0,-596.0,-4.0,5015.0,4996.0,90.0,4,2,7,18,186.4107,0.0735739,860.8696,1405.0324,71.0,1.9704,15.0,22.0,0.4163,0.6105,14.0,7606,211.0823,0.164198,4.6901,0.0,0.0,0.0,0.0,LCK,complete,2162,1,2023,오 너,111
Oner,T1,jng,13.01,2023,2023-01-18 11:00:07,-130.0,-596.0,-4.0,5015.0,4996.0,90.0,4,2,7,18,186.4107,0.0735739,860.8696,1405.0324,71.0,1.9704,15.0,22.0,0.4163,0.6105,14.0,7606,211.0823,0.164198,4.6901,0.0,0.0,0.0,0.0,LCK,complete,2162,1,2023,T1 Oner,KR1
Oner,T1,jng,13.01,2023,2023-01-18 11:00:07,-130.0,-596.0,-4.0,5015.0,4996.0,90.0,4,2,7,18,186.4107,0.0735739,860.8696,1405.0324,71.0,1.9704,15.0,22.0,0.4163,0.6105,14.0,7606,211.0823,0.164198,4.6901,0.0,0.0,0.0,0.0,LCK,complete,2162,1,2023,2633830994978784,KR1
Faker,T1,mid,13.01,2023,2023-01-18 11:00:07,226.0,367.0,16.0,5309.0,7776.0,153.0,5,3,4,18,697.7706,0.275401,520.6846,330.1665,46.0,1.2766,22.0,7.0,0.6105,0.1943,9.0,9962,276.4662,0.21506,8.2424,4870.0,0.0,0.0,0.0,LCK,complete,2162,1,2023,Hide on bush,KR1
Peanut,Gen.G,jng,13.01,2023,2023-01-18 11:00:07,130.0,596.0,4.0,5145.0,5592.0,94.0,1,6,9,12,576.494,0.282016,1034.0703,613.543,79.0,2.1924,37.0,17.0,1.0268,0.4718,15.0,6686,185.5504,0.18163,5.2729,60.0,0.0,1.0,0.0,LCK,complete,2162,0,2023,Peanut,kr11
Peanut,Gen.G,jng,13.01,2023,2023-01-18 11:00:07,130.0,596.0,4.0,5145.0,5592.0,94.0,1,6,9,12,576.494,0.282016,1034.0703,613.543,79.0,2.1924,37.0,17.0,1.0268,0.4718,15.0,6686,185.5504,0.18163,5.2729,60.0,0.0,1.0,0.0,LCK,complete,2162,0,2023,언차티D,KR1
Peanut,Gen.G,jng,13.01,2023,2023-01-18 11:00:07,130.0,596.0,4.0,5145.0,5592.0,94.0,1,6,9,12,576.494,0.282016,1034.0703,613.543,79.0,2.1924,37.0,17.0,1.0268,0.4718,15.0,6686,185.5504,0.18163,5.2729,60.0,0.0,1.0,0.0,LCK,complete,2162,0,2023,Hari2y Quinn,KR1
Peanut,Gen.G,jng,13.01,2023,2023-01-18 11:00:07,130.0,596.0,4.0,5145.0,5592.0,94.0,1,6,9,12,576.494,0.282016,1034.0703,613.543,79.0,2.1924,37.0,17.0,1.0268,0.4718,15.0,6686,185.5504,0.18163,5.2729,60.0,0.0,1.0,0.0,LCK,complete,2162,0,2023,Jon Sn0w,KR1
Chovy,Gen.G,mid,13.01,2023,2023-01-18 11:00:07,-226.0,-367.0,-16.0,5083.0,7409.0,137.0,2,2,7,12,732.3774,0.358273,474.6994,377.1508,48.0,1.3321,16.0,9.0,0.444,0.2498,6.0,8607,238.8622,0.233816,8.6031,0.0,0.0,0.0,0.0,LCK,complete,2162,0,2023,허거덩,0303
Chovy,Gen.G,mid,13.01,2023,2023-01-18 11:00:07,-226.0,-367.0,-16.0,5083.0,7409.0,137.0,2,2,7,12,732.3774,0.358273,474.6994,377.1508,48.0,1.3321,16.0,9.0,0.444,0.2498,6.0,8607,238.8622,0.233816,8.6031,0.0,0.0,0.0,0.0,LCK,complete,2162,0,2023,1일2이3삼4사,KR1
YoungJae,DN SOOPers,jng,13.01,2023,2023-01-19 08:20:39,1671.0,879.0,26.0,5731.0,5846.0,105.0,4,1,7,17,307.621,0.121368,1231.477,2074.9524,80.0,1.9859,19.0,28.0,0.4717,0.6951,19.0,8127,201.746,0.178118,6.2805,76.0,0.0,0.0,0.0,LCK,complete,2417,0,2023,영 재,KR111
YoungJae,DN SOOPers,jng,13.01,2023,2023-01-19 08:20:39,1671.0,879.0,26.0,5731.0,5846.0,105.0,4,1,7,17,307.621,0.121368,1231.477,2074.9524,80.0,1.9859,19.0,28.0,0.4717,0.6951,19.0,8127,201.746,0.178118,6.2805,76.0,0.0,0.0,0.0,LCK,complete,2417,0,2023,BAUT,KR111
BuLLDoG,DN SOOPers,mid,13.01,2023,2023-01-19 08:20:39,-795.0,-1107.0,-19.0,5081.0,6995.0,129.0,4,4,4,17,694.9276,0.274174,528.0844,361.837,49.0,1.2164,19.0,9.0,0.4717,0.2234,10.0,11052,274.3566,0.242226,9.2098,999.0,0.0,0.0,0.0,LCK,complete,2417,0,2023,LNG BuLLDoG,KR2
Clid,Hanwha Life Esports,jng,13.01,2023,2023-01-19 08:20:39,-1671.0,-879.0,-26.0,4060.0,4967.0,79.0,0,7,3,11,592.8258,0.21097,1096.657,957.0956,35.0,0.8688,12.0,4.0,0.2979,0.0993,12.0,6028,149.64,0.121361,4.2946,0.0,0.0,0.0,1.0,LCK,complete,2417,1,2023,Radiohead,KR1
Clid,Hanwha Life Esports,jng,13.01,2023,2023-01-19 08:20:39,-1671.0,-879.0,-26.0,4060.0,4967.0,79.0,0,7,3,11,592.8258,0.21097,1096.657,957.0956,35.0,0.8688,12.0,4.0,0.2979,0.0993,12.0,6028,149.64,0.121361,4.2946,0.0,0.0,0.0,1.0,LCK,complete,2417,1,2023,Heart,KR1
Zeka,Hanwha Life Esports,mid,13.01,2023,2023-01-19 08:20:39,795.0,1107.0,19.0,5876.0,8102.0,148.0,6,1,4,11,641.7791,0.228391,974.7704,973.405,44.0,1.0923,11.0,13.0,0.2731,0.3227,6.0,15028,373.0575,0.302566,9.88,14970.0,0.0,0.0,0.0,LCK,complete,2417,1,2023,Kiruru,kr7
Zeka,Hanwha Life Esports,mid,13.01,2023,2023-01-19 08:20:39,795.0,1107.0,19.0,5876.0,8102.0,148.0,6,1,4,11,641.7791,0.228391,974.7704,973.405,44.0,1.0923,11.0,13.0,0.2731,0.3227,6.0,15028,373.0575,0.302566,9.88,14970.0,0.0,0.0,0.0,LCK,complete,2417,1,2023,suis,kr7
Zeka,Hanwha Life Esports,mid,13.01,2023,2023-01-19 08:20:39,795.0,1107.0,19.0,5876.0,8102.0,148.0,6,1,4,11,641.7791,0.228391,974.7704,973.405,44.0,1.0923,11.0,13.0,0.2731,0.3227,6.0,15028,373.0575,0.302566,9.88,14970.0,0.0,0.0,0.0,LCK,complete,2417,1,2023,Wpdpzkdk,KR1
Sylvie,Nongshim RedForce,jng,13.01,2023,2023-01-19 11:09:23,193.0,756.0,4.0,4973.0,6131.0,101.0,2,2,8,15,218.4267,0.118361,784.6943,1474.8354,92.0,2.36,20.0,26.0,0.513,0.667,21.0,7439,190.8251,0.161503,5.0791,1253.0,0.0,0.0,0.0,LCK,complete,2339,0,2023,Sylvie,77777
Sylvie,Nongshim RedForce,jng,13.01,2023,2023-01-19 11:09:23,193.0,756.0,4.0,4973.0,6131.0,101.0,2,2,8,15,218.4267,0.118361,784.6943,1474.8354,92.0,2.36,20.0,26.0,0.513,0.667,21.0,7439,190.8251,0.161503,5.0791,1253.0,0.0,0.0,0.0,LCK,complete,2339,0,2023,소다팝,SODA
UmTi,HANJIN BRION,jng,13.01,2023,2023-01-19 11:09:23,-193.0,-756.0,-4.0,4780.0,5375.0,97.0,0,3,9,11,880.4019,0.35728,1016.0496,938.3754,71.0,1.8213,12.0,17.0,0.3078,0.4361,11.0,8658,222.0949,0.172773,4.9252,92.0,0.0,1.0,0.0,LCK,complete,2339,1,2023,12056399del,KR1
UmTi,HANJIN BRION,jng,13.01,2023,2023-01-19 11:09:23,-193.0,-756.0,-4.0,4780.0,5375.0,97.0,0,3,9,11,880.4019,0.35728,1016.0496,938.3754,71.0,1.8213,12.0,17.0,0.3078,0.4361,11.0,8658,222.0949,0.172773,4.9252,92.0,0.0,1.0,0.0,LCK,complete,2339,1,2023,UmTi,602
UmTi,HANJIN BRION,jng,13.01,2023,2023-01-19 11:09:23,-193.0,-756.0,-4.0,4780.0,5375.0,97.0,0,3,9,11,880.4019,0.35728,1016.0496,938.3754,71.0,1.8213,12.0,17.0,0.3078,0.4361,11.0,8658,222.0949,0.172773,4.9252,92.0,0.0,1.0,0.0,LCK,complete,2339,1,2023,See u AG,KR1
UmTi,HANJIN BRION,jng,13.01,2023,2023-01-19 11:09:23,-193.0,-756.0,-4.0,4780.0,5375.0,97.0,0,3,9,11,880.4019,0.35728,1016.0496,938.3754,71.0,1.8213,12.0,17.0,0.3078,0.4361,11.0,8658,222.0949,0.172773,4.9252,92.0,0.0,1.0,0.0,LCK,complete,2339,1,2023,슈계 RP주세요TnT,KR1
Karis,HANJIN BRION,mid,13.01,2023,2023-01-19 11:09:23,-283.0,-6.0,-5.0,5046.0,8212.0,153.0,5,3,3,11,542.283,0.220066,427.1569,252.0821,46.0,1.18,15.0,11.0,0.3848,0.2822,11.0,10662,273.5015,0.212764,7.3365,4480.0,0.0,0.0,0.0,LCK,complete,2339,1,2023,Karis,KR4
Karis,HANJIN BRION,mid,13.01,2023,2023-01-19 11:09:23,-283.0,-6.0,-5.0,5046.0,8212.0,153.0,5,3,3,11,542.283,0.220066,427.1569,252.0821,46.0,1.18,15.0,11.0,0.3848,0.2822,11.0,10662,273.5015,0.212764,7.3365,4480.0,0.0,0.0,0.0,LCK,complete,2339,1,2023,트위치 TV 해캄,KR1
Cuzz,KT Rolster,jng,13.01,2023,2023-01-20 08:11:59,-112.0,153.0,12.0,4550.0,5423.0,101.0,2,0,9,13,373.932,0.203378,692.213,636.6004,42.0,1.6164,6.0,10.0,0.2309,0.3849,6.0,5845,224.9519,0.178348,5.696,3549.0,0.0,0.0,0.0,LCK,complete,1559,1,2023,Cuzz,KR1
Cuzz,KT Rolster,jng,13.01,2023,2023-01-20 08:11:59,-112.0,153.0,12.0,4550.0,5423.0,101.0,2,0,9,13,373.932,0.203378,692.213,636.6004,42.0,1.6164,6.0,10.0,0.2309,0.3849,6.0,5845,224.9519,0.178348,5.696,3549.0,0.0,0.0,0.0,LCK,complete,1559,1,2023,lililiiilil,KR121
Cuzz,KT Rolster,jng,13.01,2023,2023-01-20 08:11:59,-112.0,153.0,12.0,4550.0,5423.0,101.0,2,0,9,13,373.932,0.203378,692.213,636.6004,42.0,1.6164,6.0,10.0,0.2309,0.3849,6.0,5845,224.9519,0.178348,5.696,3549.0,0.0,0.0,0.0,LCK,complete,1559,1,2023,56150708del,KR1
Cuzz,KT Rolster,jng,13.01,2023,2023-01-20 08:11:59,-112.0,153.0,12.0,4550.0,5423.0,101.0,2,0,9,13,373.932,0.203378,692.213,636.6004,42.0,1.6164,6.0,10.0,0.2309,0.3849,6.0,5845,224.9519,0.178348,5.696,3549.0,0.0,0.0,0.0,LCK,complete,1559,1,2023,독침붕,딱충이
Bdd,KT Rolster,mid,13.01,2023,2023-01-20 08:11:59,-141.0,-269.0,6.0,5001.0,7670.0,148.0,2,2,5,13,337.4471,0.183535,346.5298,269.3265,21.0,0.8082,12.0,2.0,0.4618,0.077,7.0,6329,243.5792,0.193116,8.8133,2198.0,0.0,0.0,0.0,LCK,complete,1559,1,2023,8111597del,KR1
Bdd,KT Rolster,mid,13.01,2023,2023-01-20 08:11:59,-141.0,-269.0,6.0,5001.0,7670.0,148.0,2,2,5,13,337.4471,0.183535,346.5298,269.3265,21.0,0.8082,12.0,2.0,0.4618,0.077,7.0,6329,243.5792,0.193116,8.8133,2198.0,0.0,0.0,0.0,LCK,complete,1559,1,2023,파피몬,1111
Bdd,KT Rolster,mid,13.01,2023,2023-01-20 08:11:59,-141.0,-269.0,6.0,5001.0,7670.0,148.0,2,2,5,13,337.4471,0.183535,346.5298,269.3265,21.0,0.8082,12.0,2.0,0.4618,0.077,7.0,6329,243.5792,0.193116,8.8133,2198.0,0.0,0.0,0.0,LCK,complete,1559,1,2023,412431234,KR1
Bdd,KT Rolster,mid,13.01,2023,2023-01-20 08:11:59,-141.0,-269.0,6.0,5001.0,7670.0,148.0,2,2,5,13,337.4471,0.183535,346.5298,269.3265,21.0,0.8082,12.0,2.0,0.4618,0.077,7.0,6329,243.5792,0.193116,8.8133,2198.0,0.0,0.0,0.0,LCK,complete,1559,1,2023,피넛사냥개1,KR1
Willer,Liiv SANDBOX,jng,13.01,2023,2023-01-20 11:29:11,-556.0,-6.0,2.0,4491.0,5272.0,98.0,0,4,2,3,166.1172,0.129999,803.1136,904.652,50.0,1.8315,14.0,11.0,0.5128,0.4029,13.0,3910,143.2234,0.182906,5.7143,0.0,0.0,0.0,0.0,LCK,complete,1638,0,2023,김정현,Kjh1
Willer,Liiv SANDBOX,jng,13.01,2023,2023-01-20 11:29:11,-556.0,-6.0,2.0,4491.0,5272.0,98.0,0,4,2,3,166.1172,0.129999,803.1136,904.652,50.0,1.8315,14.0,11.0,0.5128,0.4029,13.0,3910,143.2234,0.182906,5.7143,0.0,0.0,0.0,0.0,LCK,complete,1638,0,2023,KRX Willer,KRX
Clozer,Liiv SANDBOX,mid,13.01,2023,2023-01-20 11:29:11,246.0,618.0,11.0,5419.0,8169.0,155.0,2,1,1,3,297.9487,0.233166,524.6154,331.7582,16.0,0.5861,7.0,2.0,0.2564,0.0733,1.0,6077,222.6007,0.28428,9.707,193.0,0.0,0.0,0.0,LCK,complete,1638,0,2023,Maldives,0727
Clozer,Liiv SANDBOX,mid,13.01,2023,2023-01-20 11:29:11,246.0,618.0,11.0,5419.0,8169.0,155.0,2,1,1,3,297.9487,0.233166,524.6154,331.7582,16.0,0.5861,7.0,2.0,0.2564,0.0733,1.0,6077,222.6007,0.28428,9.707,193.0,0.0,0.0,0.0,LCK,complete,1638,0,2023,210212,KR1
Clozer,Liiv SANDBOX,mid,13.01,2023,2023-01-20 11:29:11,246.0,618.0,11.0,5419.0,8169.0,155.0,2,1,1,3,297.9487,0.233166,524.6154,331.7582,16.0,0.5861,7.0,2.0,0.2564,0.0733,1.0,6077,222.6007,0.28428,9.707,193.0,0.0,0.0,0.0,LCK,complete,1638,0,2023,인천물주먹,인천사람
Juhan,DRX,jng,13.03,2023,2023-02-17 12:23:32,-789.0,-533.0,3.0,4577.0,5708.0,104.0,0,5,4,6,203.9677,0.102553,1091.0943,979.9892,53.0,1.7143,0.0,11.0,0.0,0.3558,12.0,4349,140.6685,0.152561,5.2722,0.0,0.0,1.0,0.0,LCK,complete,1855,0,2023,Juhana,IsYou
Juhan,DRX,jng,13.03,2023,2023-02-17 12:23:32,-789.0,-533.0,3.0,4577.0,5708.0,104.0,0,5,4,6,203.9677,0.102553,1091.0943,979.9892,53.0,1.7143,0.0,11.0,0.0,0.3558,12.0,4349,140.6685,0.152561,5.2722,0.0,0.0,1.0,0.0,LCK,complete,1855,0,2023,Juhana,OMG
kyeahoo,DRX,mid,13.1,2023,2023-06-08 08:13:34,-695.0,-67.0,-3.0,5044.0,7933.0,153.0,2,3,8,16,611.6589,0.19504,709.5794,434.4159,81.0,1.8925,35.0,14.0,0.8178,0.3271,15.0,9352,218.5047,0.202833,7.9206,1261.0,0.0,0.0,0.0,LCK,complete,2568,0,2023,라면 밀수범,흐흐흐
kyeahoo,DRX,mid,13.1,2023,2023-06-08 08:13:34,-695.0,-67.0,-3.0,5044.0,7933.0,153.0,2,3,8,16,611.6589,0.19504,709.5794,434.4159,81.0,1.8925,35.0,14.0,0.8178,0.3271,15.0,9352,218.5047,0.202833,7.9206,1261.0,0.0,0.0,0.0,LCK,complete,2568,0,2023,DRX Crush,DRX
Quad,Nongshim RedForce,mid,13.1,2023,2023-06-08 11:00:48,-262.0,664.0,8.0,5004.0,8355.0,152.0,0,1,0,0,181.9636,0.141229,429.8805,310.0364,39.0,1.2156,20.0,4.0,0.6234,0.1247,11.0,6545,204.0,0.221211,9.1013,0.0,0.0,0.0,0.0,LCK,complete,1925,0,2023,62421387del,KR1
Quad,Nongshim RedForce,mid,13.1,2023,2023-06-08 11:00:48,-262.0,664.0,8.0,5004.0,8355.0,152.0,0,1,0,0,181.9636,0.141229,429.8805,310.0364,39.0,1.2156,20.0,4.0,0.6234,0.1247,11.0,6545,204.0,0.221211,9.1013,0.0,0.0,0.0,0.0,LCK,complete,1925,0,2023,밀짚모자쿼드,TFT
Quad,Nongshim RedForce,mid,13.1,2023,2023-06-08 11:00:48,-262.0,664.0,8.0,5004.0,8355.0,152.0,0,1,0,0,181.9636,0.141229,429.8805,310.0364,39.0,1.2156,20.0,4.0,0.6234,0.1247,11.0,6545,204.0,0.221211,9.1013,0.0,0.0,0.0,0.0,LCK,complete,1925,0,2023,FLY Quad,000
Quad,Nongshim RedForce,mid,13.1,2023,2023-06-08 11:00:48,-262.0,664.0,8.0,5004.0,8355.0,152.0,0,1,0,0,181.9636,0.141229,429.8805,310.0364,39.0,1.2156,20.0,4.0,0.6234,0.1247,11.0,6545,204.0,0.221211,9.1013,0.0,0.0,0.0,0.0,LCK,complete,1925,0,2023,Quad,123
Quad,Nongshim RedForce,mid,13.1,2023,2023-06-08 11:00:48,-262.0,664.0,8.0,5004.0,8355.0,152.0,0,1,0,0,181.9636,0.141229,429.8805,310.0364,39.0,1.2156,20.0,4.0,0.6234,0.1247,11.0,6545,204.0,0.221211,9.1013,0.0,0.0,0.0,0.0,LCK,complete,1925,0,2023,꼬북칩먹고힘내자,KR1
Grizzly,Hanwha Life Esports,jng,13.12,2023,2023-06-28 08:06:54,53.0,-532.0,-12.0,4815.0,5618.0,97.0,0,3,4,4,215.83,0.156247,796.0931,1422.5405,35.0,1.0628,12.0,8.0,0.3644,0.2429,13.0,4948,150.2429,0.145101,4.8583,0.0,0.0,0.0,0.0,LCK,complete,1976,0,2023,Grizzly,KR3
Grizzly,Hanwha Life Esports,jng,13.12,2023,2023-06-28 08:06:54,53.0,-532.0,-12.0,4815.0,5618.0,97.0,0,3,4,4,215.83,0.156247,796.0931,1422.5405,35.0,1.0628,12.0,8.0,0.3644,0.2429,13.0,4948,150.2429,0.145101,4.8583,0.0,0.0,0.0,0.0,LCK,complete,1976,0,2023,lagluckygame,KR1
HamBak,KT Rolster,jng,13.14,2023,2023-08-06 09:43:51,228.0,361.0,5.0,5222.0,5916.0,103.0,2,1,15,23,336.3502,0.138038,803.8444,1064.1871,72.0,2.0009,19.0,23.0,0.528,0.6392,18.0,8600,238.9995,0.171294,6.0584,2645.0,0.0,0.0,0.0,LCK,complete,2159,1,2023,크게될소년,덤 벼
HamBak,KT Rolster,jng,13.14,2023,2023-08-06 09:43:51,228.0,361.0,5.0,5222.0,5916.0,103.0,2,1,15,23,336.3502,0.138038,803.8444,1064.1871,72.0,2.0009,19.0,23.0,0.528,0.6392,18.0,8600,238.9995,0.171294,6.0584,2645.0,0.0,0.0,0.0,LCK,complete,2159,1,2023,HamBak,kr0
HamBak,KT Rolster,jng,13.14,2023,2023-08-06 09:43:51,228.0,361.0,5.0,5222.0,5916.0,103.0,2,1,15,23,336.3502,0.138038,803.8444,1064.1871,72.0,2.0009,19.0,23.0,0.528,0.6392,18.0,8600,238.9995,0.171294,6.0584,2645.0,0.0,0.0,0.0,LCK,complete,2159,1,2023,와하항,kr0
Sponge,DRX,jng,14.01,2024,2024-01-17 08:20:00,878.0,682.0,31.0,5397.0,5531.0,107.0,6,4,3,14,269.3897,0.104258,889.7806,1548.7036,79.0,1.8907,20.0,20.0,0.4787,0.4787,20.0,7997,191.3921,0.174745,5.1695,1741.0,1.0,0.0,0.0,LCK,complete,2507,0,2024,Not Bad,KR2
SeTab,DRX,mid,14.01,2024,2024-01-17 08:20:00,755.0,459.0,22.0,5588.0,8030.0,150.0,2,3,6,14,618.3566,0.239313,544.7866,452.6446,43.0,1.0291,19.0,10.0,0.4547,0.2393,8.0,9752,233.3945,0.213093,8.0893,3673.0,0.0,1.0,0.0,LCK,complete,2507,0,2024,SeTab,123
SeTab,DRX,mid,14.01,2024,2024-01-17 08:20:00,755.0,459.0,22.0,5588.0,8030.0,150.0,2,3,6,14,618.3566,0.239313,544.7866,452.6446,43.0,1.0291,19.0,10.0,0.4547,0.2393,8.0,9752,233.3945,0.213093,8.0893,3673.0,0.0,1.0,0.0,LCK,complete,2507,0,2024,BAO,KR1
GIDEON,HANJIN BRION,jng,14.01,2024,2024-01-18 08:11:20,325.0,601.0,4.0,5100.0,6359.0,119.0,1,2,1,3,81.1986,0.0640188,824.3493,865.8219,47.0,1.6096,17.0,9.0,0.5822,0.3082,11.0,5129,175.6507,0.174731,6.2329,1074.0,0.0,0.0,0.0,LCK,complete,1752,0,2024,초록이필요해,KR3
GIDEON,HANJIN BRION,jng,14.01,2024,2024-01-18 08:11:20,325.0,601.0,4.0,5100.0,6359.0,119.0,1,2,1,3,81.1986,0.0640188,824.3493,865.8219,47.0,1.6096,17.0,9.0,0.5822,0.3082,11.0,5129,175.6507,0.174731,6.2329,1074.0,0.0,0.0,0.0,LCK,complete,1752,0,2024,초록이필요해,KR2
Lucid,Dplus Kia,jng,14.01,2024,2024-01-18 08:11:20,-325.0,-601.0,-4.0,4775.0,5758.0,115.0,1,1,7,15,255.2055,0.130385,603.3219,1073.8356,42.0,1.4384,11.0,12.0,0.3767,0.411,11.0,6179,211.6096,0.156945,6.4384,1125.0,0.0,0.0,0.0,LCK,complete,1752,1,2024,DK Lucid,KR1
Lucid,Dplus Kia,jng,14.01,2024,2024-01-18 08:11:20,-325.0,-601.0,-4.0,4775.0,5758.0,115.0,1,1,7,15,255.2055,0.130385,603.3219,1073.8356,42.0,1.4384,11.0,12.0,0.3767,0.411,11.0,6179,211.6096,0.156945,6.4384,1125.0,0.0,0.0,0.0,LCK,complete,1752,1,2024,너무재미있겠다,KR1
Pyosik,KT Rolster,jng,14.01,2024,2024-01-18 10:57:08,285.0,18.0,4.0,5281.0,5900.0,106.0,2,2,6,15,245.4255,0.11166,981.9923,1175.1064,55.0,1.5957,20.0,11.0,0.5803,0.3191,10.0,7606,220.677,0.168441,6.9923,2338.0,0.0,0.0,0.0,LCK,complete,2068,1,2024,DNS Pyosik,KR2
Guwon,T1,jng,14.03,2024,2024-03-02 07:23:52,367.0,-140.0,-17.0,5693.0,6253.0,102.0,6,0,10,22,530.2488,0.172756,1341.8574,922.1227,42.0,1.393,9.0,9.0,0.2985,0.2985,10.0,8381,277.9768,0.192773,6.2355,7833.0,1.0,0.0,0.0,LCK,complete,1809,1,2024,관 모,KR2
Guwon,T1,jng,14.03,2024,2024-03-02 07:23:52,367.0,-140.0,-17.0,5693.0,6253.0,102.0,6,0,10,22,530.2488,0.172756,1341.8574,922.1227,42.0,1.393,9.0,9.0,0.2985,0.2985,10.0,8381,277.9768,0.192773,6.2355,7833.0,1.0,0.0,0.0,LCK,complete,1809,1,2024,oddoke1,KR1
Calix,Nongshim RedForce,mid,14.05,2024,2024-03-22 10:37:01,-526.0,-243.0,-7.0,5154.0,7843.0,146.0,0,5,1,2,525.1818,0.223557,574.4836,449.8788,20.0,0.6924,7.0,4.0,0.2424,0.1385,5.0,4863,168.367,0.183095,7.0629,0.0,0.0,0.0,0.0,LCK,complete,1733,0,2024,dlfuwls,123
Calix,Nongshim RedForce,mid,14.05,2024,2024-03-22 10:37:01,-526.0,-243.0,-7.0,5154.0,7843.0,146.0,0,5,1,2,525.1818,0.223557,574.4836,449.8788,20.0,0.6924,7.0,4.0,0.2424,0.1385,5.0,4863,168.367,0.183095,7.0629,0.0,0.0,0.0,0.0,LCK,complete,1733,0,2024,Calix,해 린
Calix,Nongshim RedForce,mid,14.05,2024,2024-03-22 10:37:01,-526.0,-243.0,-7.0,5154.0,7843.0,146.0,0,5,1,2,525.1818,0.223557,574.4836,449.8788,20.0,0.6924,7.0,4.0,0.2424,0.1385,5.0,4863,168.367,0.183095,7.0629,0.0,0.0,0.0,0.0,LCK,complete,1733,0,2024,5842618del,KR1
Pullbae,HANJIN BRION,mid,14.05,2024,2024-03-24 07:02:53,-703.0,-1083.0,-11.0,4973.0,7303.0,140.0,1,6,12,16,636.1604,0.223736,503.8075,438.7701,40.0,1.2834,17.0,6.0,0.5455,0.1925,7.0,6670,214.0107,0.174899,7.3797,2010.0,0.0,0.0,0.0,LCK,complete,1870,0,2024,코코넛거북이,cctt
Pullbae,HANJIN BRION,mid,14.05,2024,2024-03-24 07:02:53,-703.0,-1083.0,-11.0,4973.0,7303.0,140.0,1,6,12,16,636.1604,0.223736,503.8075,438.7701,40.0,1.2834,17.0,6.0,0.5455,0.1925,7.0,6670,214.0107,0.174899,7.3797,2010.0,0.0,0.0,0.0,LCK,complete,1870,0,2024,엉덩근육,KR1
Fisher,Nongshim RedForce,mid,14.11,2024,2024-06-12 11:53:00,-195.0,-583.0,-9.0,5226.0,7261.0,144.0,0,4,2,3,396.9659,0.285948,661.8576,349.5975,20.0,0.743,14.0,1.0,0.5201,0.0372,6.0,5353,198.8731,0.227064,8.6563,785.0,0.0,1.0,0.0,LCK,complete,1615,0,2024,High hopes,4992
Fisher,Nongshim RedForce,mid,14.11,2024,2024-06-12 11:53:00,-195.0,-583.0,-9.0,5226.0,7261.0,144.0,0,4,2,3,396.9659,0.285948,661.8576,349.5975,20.0,0.743,14.0,1.0,0.5201,0.0372,6.0,5353,198.8731,0.227064,8.6563,785.0,0.0,1.0,0.0,LCK,complete,1615,0,2024,동구리미드,피노키오
Raptor,BNK FEARX,jng,14.11,2024,2024-06-12 11:53:00,-90.0,-76.0,2.0,5259.0,6522.0,123.0,8,0,7,19,454.1053,0.169083,885.065,1135.1703,41.0,1.5232,10.0,13.0,0.3715,0.483,11.0,8372,311.0341,0.214827,7.7276,2989.0,0.0,0.0,0.0,LCK,complete,1615,1,2024,Raptor,KR123
Ucal,DRX,mid,15.01,2025,2025-01-15 08:09:30,-1247.0,-821.0,-13.0,4759.0,6621.0,131.0,0,4,1,2,505.5913,0.277051,491.3318,406.1883,15.0,0.5166,11.0,1.0,0.3789,0.0344,4.0,5437,187.2675,0.2124,8.4041,0.0,0.0,1.0,0.0,LCK,complete,1742,0,2025,KRX Ucal,0130
Ucal,DRX,mid,15.01,2025,2025-01-15 08:09:30,-1247.0,-821.0,-13.0,4759.0,6621.0,131.0,0,4,1,2,505.5913,0.277051,491.3318,406.1883,15.0,0.5166,11.0,1.0,0.3789,0.0344,4.0,5437,187.2675,0.2124,8.4041,0.0,0.0,1.0,0.0,LCK,complete,1742,0,2025,미드가우갈,가내현
Ucal,DRX,mid,15.01,2025,2025-01-15 08:09:30,-1247.0,-821.0,-13.0,4759.0,6621.0,131.0,0,4,1,2,505.5913,0.277051,491.3318,406.1883,15.0,0.5166,11.0,1.0,0.3789,0.0344,4.0,5437,187.2675,0.2124,8.4041,0.0,0.0,1.0,0.0,LCK,complete,1742,0,2025,dqeasdadzxc,KR1
VicLa,BNK FEARX,mid,15.01,2025,2025-01-16 08:09:06,-750.0,-439.0,2.0,5414.0,6961.0,132.0,2,4,1,7,897.4922,0.321267,600.4075,355.2978,32.0,1.0031,13.0,8.0,0.4075,0.2508,5.0,7815,244.9843,0.259481,8.5266,4684.0,1.0,0.0,0.0,LCK,complete,1914,0,2025,대광,God
Ellim,HANJIN BRION,jng,15.06,2025,2025-04-03 08:09:21,-558.0,-165.0,10.0,4948.0,6331.0,122.0,2,3,4,9,333.7915,0.15007,1204.2343,1351.7989,63.0,1.7435,15.0,14.0,0.4151,0.3875,15.0,7525,208.2565,0.186055,6.1993,1198.0,0.0,0.0,0.0,LCK,complete,2168,0,2025,엘 림,KR1
Ellim,HANJIN BRION,jng,15.06,2025,2025-04-03 08:09:21,-558.0,-165.0,10.0,4948.0,6331.0,122.0,2,3,4,9,333.7915,0.15007,1204.2343,1351.7989,63.0,1.7435,15.0,14.0,0.4151,0.3875,15.0,7525,208.2565,0.186055,6.1993,1198.0,0.0,0.0,0.0,LCK,complete,2168,0,2025,うるさい,話しかける
Roamer,HANJIN BRION,mid,16.01,2026,2026-01-14 11:22:18,-785.0,-235.0,-3.0,5455.0,8616.0,170.0,1,2,4,7,437.5162,0.206466,447.5103,231.2772,38.0,1.342,14.0,7.0,0.4944,0.2472,7.0,7586,267.8988,0.245332,11.1948,1132.0,0.0,0.0,0.0,LCK,complete,1699,0,2026,당신 탓인 걸요,KR1
Roamer,HANJIN BRION,mid,16.01,2026,2026-01-14 11:22:18,-785.0,-235.0,-3.0,5455.0,8616.0,170.0,1,2,4,7,437.5162,0.206466,447.5103,231.2772,38.0,1.342,14.0,7.0,0.4944,0.2472,7.0,7586,267.8988,0.245332,11.1948,1132.0,0.0,0.0,0.0,LCK,complete,1699,0,2026,우 맨,who
Scout,Nongshim RedForce,mid,16.01,2026,2026-01-15 10:15:24,-878.0,274.0,-2.0,5441.0,8485.0,164.0,3,3,6,13,758.7059,0.23801,673.1531,466.8759,31.0,0.8981,16.0,3.0,0.4635,0.0869,7.0,9884,286.3544,0.228428,8.9522,4882.0,0.0,0.0,0.0,LCK,complete,2071,0,2026,7915194del,KR1
Scout,Nongshim RedForce,mid,16.01,2026,2026-01-15 10:15:24,-878.0,274.0,-2.0,5441.0,8485.0,164.0,3,3,6,13,758.7059,0.23801,673.1531,466.8759,31.0,0.8981,16.0,3.0,0.4635,0.0869,7.0,9884,286.3544,0.228428,8.9522,4882.0,0.0,0.0,0.0,LCK,complete,2071,0,2026,미북이,KR1
Scout,Nongshim RedForce,mid,16.01,2026,2026-01-15 10:15:24,-878.0,274.0,-2.0,5441.0,8485.0,164.0,3,3,6,13,758.7059,0.23801,673.1531,466.8759,31.0,0.8981,16.0,3.0,0.4635,0.0869,7.0,9884,286.3544,0.228428,8.9522,4882.0,0.0,0.0,0.0,LCK,complete,2071,0,2026,14March,KR1
Kanavi,Hanwha Life Esports,jng,16.01,2026,2026-01-16 10:08:16,-370.0,577.0,1.0,5414.0,7137.0,120.0,3,3,6,16,341.7415,0.158922,905.7687,1104.7075,72.0,1.9592,12.0,17.0,0.3265,0.4626,11.0,9846,267.9184,0.18911,7.0748,4770.0,0.0,0.0,0.0,LCK,complete,2205,1,2026,38801035del,KR1
Kanavi,Hanwha Life Esports,jng,16.01,2026,2026-01-16 10:08:16,-370.0,577.0,1.0,5414.0,7137.0,120.0,3,3,6,16,341.7415,0.158922,905.7687,1104.7075,72.0,1.9592,12.0,17.0,0.3265,0.4626,11.0,9846,267.9184,0.18911,7.0748,4770.0,0.0,0.0,0.0,LCK,complete,2205,1,2026,vinaka,KR1
Kanavi,Hanwha Life Esports,jng,16.01,2026,2026-01-16 10:08:16,-370.0,577.0,1.0,5414.0,7137.0,120.0,3,3,6,16,341.7415,0.158922,905.7687,1104.7075,72.0,1.9592,12.0,17.0,0.3265,0.4626,11.0,9846,267.9184,0.18911,7.0748,4770.0,0.0,0.0,0.0,LCK,complete,2205,1,2026,lqslqslqslqs,KR1
Loki,HANJIN BRION,mid,16.06,2026,2026-04-01 08:11:43,-1464.0,-1462.0,-18.0,5085.0,7126.0,140.0,1,4,3,5,526.8915,0.261287,752.164,547.753,31.0,0.9652,14.0,1.0,0.4359,0.0311,6.0,7758,241.5568,0.212175,9.0296,6336.0,0.0,0.0,0.0,LCK,complete,1927,0,2026,BRO Loki,0823
Loki,HANJIN BRION,mid,16.06,2026,2026-04-01 08:11:43,-1464.0,-1462.0,-18.0,5085.0,7126.0,140.0,1,4,3,5,526.8915,0.261287,752.164,547.753,31.0,0.9652,14.0,1.0,0.4359,0.0311,6.0,7758,241.5568,0.212175,9.0296,6336.0,0.0,0.0,0.0,LCK,complete,1927,0,2026,A Simple Story,Arise
