playername,teamname,position,patch,patch_major,patch_minor,match_count,low_sample_flag,pca_group,PC1,PC2,PC3,PC4,PC5,PC6
Canyon,Gen.G,jng,14.01,14,1,14,0,jng,-2.3142323401559746,1.816681330667305,0.22327261387009392,0.41678618871850776,0.33561135618730353,0.029707235179215186
Cuzz,DN SOOPers,jng,14.01,14,1,13,0,jng,-0.8477067717634714,2.0116134827546417,-0.9579423943967005,-0.12872863983542926,0.24306133977212432,-0.03919531310728039
GIDEON,HANJIN BRION,jng,14.01,14,1,11,0,jng,-0.9596793119065774,0.9719357239775556,0.7081981143976714,-0.09376504011881326,-0.05358888448054893,-0.1244598792359075
Lucid,Dplus Kia,jng,14.01,14,1,14,0,jng,-2.551971891936103,0.56339959451743,0.31259068022602043,-0.2547053078385775,-0.22193210506377417,-0.1819717790923186
Oner,T1,jng,14.01,14,1,14,0,jng,0.3836739141427732,2.683333404033627,-0.36325974693879964,-0.13681727396633322,0.306341021157651,0.0875419214703032
Peanut,Hanwha Life Esports,jng,14.01,14,1,13,0,jng,-1.461825962119637,2.2449818816903595,-0.2869964056320184,-0.08515292472200417,-0.014155135949739625,0.04064346060069092
Pyosik,KT Rolster,jng,14.01,14,1,16,0,jng,-1.0695984980914244,1.2562566322541822,0.017663248736116324,-0.27063626072783264,0.2619754754994201,-0.05216494438714133
Sponge,DRX,jng,14.01,14,1,15,0,jng,-3.600179536474362,0.7938371150601444,0.3954438819179762,0.10699219419155384,0.058198309325699214,-0.025359335188983985
Sylvie,Nongshim RedForce,jng,14.01,14,1,14,0,jng,-4.1794486835240034,1.299704965564718,0.8704749695638997,0.35154903090025685,0.158432681486352,-0.07109587205770776
Willer,BNK FEARX,jng,14.01,14,1,14,0,jng,0.32978233783416583,2.007942712683998,-0.37527919642463187,-0.09898728369062267,0.13601522908719163,-0.12432276064129487
Canyon,Gen.G,jng,14.02,14,2,4,0,jng,-2.144444979290331,1.74860840444879,-1.8549764500556287,0.22689303694386573,0.7742574578265167,-0.06751925453779663
Cuzz,DN SOOPers,jng,14.02,14,2,5,0,jng,-1.9372688632989918,0.8176982154142979,0.0005313266688645182,0.5070490029737821,-0.5928499714741761,-0.24556887757464435
GIDEON,HANJIN BRION,jng,14.02,14,2,4,0,jng,-2.7489115745812223,1.587060719081058,-0.40847083023545205,-0.34354893542189535,-0.08756491956448922,-0.0681511107559014
Lucid,Dplus Kia,jng,14.02,14,2,4,0,jng,-4.490080403207982,0.8630252189664078,0.6739732792611147,1.3031822926216277,-0.4317718957337016,0.07484494891985442
Oner,T1,jng,14.02,14,2,4,0,jng,-0.908971968084553,0.9704529712882207,-0.884402900716764,-1.0108484932793076,0.48017842942245076,0.0010643935142963833
Peanut,Hanwha Life Esports,jng,14.02,14,2,4,0,jng,-2.8792750383751806,2.21803189179683,-0.2958673710233936,0.1798550667823373,-0.08244091469916055,-0.018240689995753203
Pyosik,KT Rolster,jng,14.02,14,2,4,0,jng,-2.9066793974221894,1.4136040143489876,2.7685412198333665,0.2626058066685929,-0.16614525562831173,0.21321016639992957
Sponge,DRX,jng,14.02,14,2,4,0,jng,-0.8932078321091755,2.6313922053540653,-1.1941741891695616,-0.5203276890157937,0.07140133630982515,0.05188527436235746
Sylvie,Nongshim RedForce,jng,14.02,14,2,4,0,jng,-0.7795476220885116,3.1733484920377504,-0.0013568711602631324,-0.22423328217059887,-0.09586301291301873,0.32231680142662616
Willer,BNK FEARX,jng,14.02,14,2,5,0,jng,1.0841898471613678,0.9175451774547037,0.5982960331524033,-0.8983186455175576,-0.21027939641472504,-0.2526434263071068
Canyon,Gen.G,jng,14.03,14,3,8,0,jng,-0.6885365330385753,1.3669602972495898,0.8518198736010972,0.07021040714185124,0.1069497749170367,-0.2641698431670092
Cuzz,DN SOOPers,jng,14.03,14,3,11,0,jng,-0.7427761987391879,1.1085261531907982,0.3446053833775701,-0.38359319483297,-0.17170974906616357,-0.1664029124202595
GIDEON,HANJIN BRION,jng,14.03,14,3,10,0,jng,0.21781742139869736,1.6252921845768373,-1.0925767032386111,0.1873027214618557,0.08653500477061989,-0.06368940965392961
Lucid,Dplus Kia,jng,14.03,14,3,10,0,jng,-2.8047791878822066,1.003352482604329,0.7807820534393802,-0.5581876401793121,-0.15086637629544766,-0.05291952185864498
Oner,T1,jng,14.03,14,3,7,0,jng,-0.2511642899088016,1.319869068938373,-0.3889777722282985,0.08017303317928613,0.6137329479361084,-0.16514561541855924
Peanut,Hanwha Life Esports,jng,14.03,14,3,9,0,jng,-1.297013342586086,0.9809702059885774,-0.09293696901400894,-0.03702628763381169,-0.09079226632213024,-0.16195211497720144
Pyosik,KT Rolster,jng,14.03,14,3,9,0,jng,-3.028672621332816,0.6123427187697141,-0.4546067476386104,0.2574051651996125,-0.0683983319167191,-0.07559380485534227
Sponge,DRX,jng,14.03,14,3,10,0,jng,-1.3944219982828905,1.6261609530535834,-1.433417041891163,-0.5486113686657104,0.30143546935288174,-0.04279579645074046
Sylvie,Nongshim RedForce,jng,14.03,14,3,11,0,jng,-3.2641802394615165,0.3390007625991085,0.45304745874969427,0.354640494919164,-0.16972315458901419,-0.1722053956448139
Willer,BNK FEARX,jng,14.03,14,3,9,0,jng,1.4148514791677735,1.660554952019673,0.7654932768193308,-0.5194827605159359,0.213742264259238,-0.26741873950120315
Canyon,Gen.G,jng,14.04,14,4,9,0,jng,-0.29597905091290244,2.463919661027353,-0.40515158073766677,0.13019021507511688,0.6090077002836668,0.029566452763860735
Cuzz,DN SOOPers,jng,14.04,14,4,10,0,jng,-1.5858616307699422,0.24039767972092557,-0.0724129226119178,-0.2231505280802532,0.33028636839368364,-0.1709434994443695
GIDEON,HANJIN BRION,jng,14.04,14,4,10,0,jng,-1.5895711837221347,1.7041973008556428,-0.32237734279107877,0.09600858617469049,0.49796899611296175,-0.1664102061006061
Lucid,Dplus Kia,jng,14.04,14,4,10,0,jng,-2.149192197633336,0.7849908612562875,1.9814714522671464,-0.013454323817299134,0.13041372253693911,-0.06105891660096046
Oner,T1,jng,14.04,14,4,9,0,jng,-1.4828094824550122,1.2204175945917592,-1.2004071192246017,0.2073222813778092,0.7196737149609524,-0.03761341413533509
Peanut,Hanwha Life Esports,jng,14.04,14,4,10,0,jng,-2.2463702359508515,1.1318293203368808,1.3884821208371152,-0.08952469348578838,0.008310723814290509,-0.04764146457100845
Pyosik,KT Rolster,jng,14.04,14,4,10,0,jng,0.5036766689997498,2.1273323694178723,0.3663697229109763,-0.4091118972190745,0.28367104039152685,-0.1276979631662507
Sponge,DRX,jng,14.04,14,4,10,0,jng,-0.18420204854051803,1.3627445525541582,-0.06307628628819492,-0.10471344336764285,-0.270666366235173,-0.1873010854981956
Sylvie,Nongshim RedForce,jng,14.04,14,4,10,0,jng,-3.4812690775696002,1.364323027512633,0.3181764566433032,0.9150631247132603,-0.09452214931094216,-0.09861866415401944
Willer,BNK FEARX,jng,14.04,14,4,10,0,jng,-1.8490747495573105,0.763779789206469,-0.8734621274440609,-0.586714591675547,0.06414919423519122,-0.18299471684266902
Canyon,Gen.G,jng,14.05,14,5,4,0,jng,-0.8399666642569412,2.404927357574056,-0.08892285621576083,1.3618513614091996,0.20034984493528954,0.07840749401638944
Cuzz,DN SOOPers,jng,14.05,14,5,4,0,jng,-0.6395154382463415,2.2746090439319797,0.20982426885736077,-0.18754914959886868,0.0047785010835583,0.0327736200320526
Lucid,Dplus Kia,jng,14.05,14,5,4,0,jng,-0.674043065357727,0.79282587423624,0.4296898114938636,0.11769299683126143,-0.5656745005563885,-0.22051522791279202
Oner,T1,jng,14.05,14,5,4,0,jng,-0.9322052175432857,3.429032922605102,0.009480144615109608,-0.11234210985610654,1.1227265609735528,0.17275046455453036
Peanut,Hanwha Life Esports,jng,14.05,14,5,5,0,jng,-2.0539334392206317,0.12550987113322706,-0.4927329336265843,-0.5401479247194922,0.06972260329875339,-0.038968946585183684
Pyosik,KT Rolster,jng,14.05,14,5,5,0,jng,-1.5410466355275914,1.6081232378533195,-0.22126661939526,0.33414353682584913,0.12440937286152136,0.04845465250016076
Sponge,DRX,jng,14.05,14,5,4,0,jng,-3.369094739942006,1.918781138021197,1.567088596956811,-0.8094717078170548,0.7398083127253534,0.1437643211253922
Sylvie,Nongshim RedForce,jng,14.05,14,5,5,0,jng,-3.792824167868547,0.8952363059647254,0.20434519016982836,0.4230077522132864,0.420896971342047,0.1120355061539682
Willer,BNK FEARX,jng,14.05,14,5,5,0,jng,-0.2488144379691933,1.6361569322666873,0.6553283226783915,0.27537781888708346,-0.3153557025888452,0.046396756550425
Canyon,Gen.G,jng,14.06,14,6,14,0,jng,-2.2146577154506537,0.798822806426972,-0.738155567106623,-0.011941171802817674,0.011525770753403766,-0.10130391105167927
Cuzz,DN SOOPers,jng,14.06,14,6,3,0,jng,-0.005944041731703928,1.2252583877714667,0.6331632301306439,0.11612256220731522,0.042263242365210354,-0.141827758234103
Lucid,Dplus Kia,jng,14.06,14,6,13,0,jng,-0.40223322249634497,1.9332324290696223,1.107525592703003,-0.0028855628821824026,-0.08794948830417504,-0.08828245766478415
Oner,T1,jng,14.06,14,6,15,0,jng,-1.2442196958415679,0.8612973358675182,-0.37263824723272976,-0.5495159995434188,0.3225587472260423,-0.10416672620682826
Peanut,Hanwha Life Esports,jng,14.06,14,6,14,0,jng,-0.9710711835978391,1.008100234404436,0.512461781996355,0.2553062692647865,0.0008969394826884578,-0.2646524034302881
Pyosik,KT Rolster,jng,14.06,14,6,5,0,jng,-1.9380442938591997,0.811072565277089,-1.022099023963953,-0.04752999463238186,0.25669596092548613,-0.20675226930619206
Canyon,Gen.G,jng,14.11,14,11,4,0,jng,3.887505723048349,0.551785806373152,0.35821640290132967,-0.017696547646934964,0.12101400068119059,0.1053446627772333
Cuzz,DN SOOPers,jng,14.11,14,11,5,0,jng,1.5805432096365564,0.5092867163069619,-0.9568729580400406,0.15509556278954206,-0.8707773896435581,0.10980394955376871
DDoiV,HANJIN BRION,jng,14.11,14,11,3,0,jng,-1.4252650885621951,-1.1700932398123385,-1.0192511229650272,-0.7696594325424049,-0.8192137988031988,0.04400302463886926
Lucid,Dplus Kia,jng,14.11,14,11,6,0,jng,-1.0047436151565503,0.2433349036065181,0.8800994475204154,-0.043136387921548724,-0.5680729094837965,0.28393832966551563
Oner,T1,jng,14.11,14,11,4,0,jng,-0.19630843367507475,-0.6835478121030261,-1.2192370890185236,0.2199691277558236,-0.12191751708181352,0.08062075449737131
Peanut,Hanwha Life Esports,jng,14.11,14,11,6,0,jng,0.8645697035184624,-0.4167962791747681,-1.2630906205644614,-0.07197713323686827,-0.49236591788147743,0.06660491045459846
Pyosik,KT Rolster,jng,14.11,14,11,5,0,jng,-0.6914964832205529,0.9782379200567454,-0.2482474978731431,0.2584008897567937,-0.3516956041255534,0.4306671302861924
Raptor,BNK FEARX,jng,14.11,14,11,5,0,jng,0.03590598553084265,-0.5176899316352468,-0.15744084434210662,0.14264564425415893,0.06931097376524241,0.030215422483560406
Sponge,DRX,jng,14.11,14,11,6,0,jng,1.2402536649535236,-0.9700037545534166,-0.40514842033469195,-0.6034942596854428,-0.5399922280538569,0.003381359238711533
Sylvie,Nongshim RedForce,jng,14.11,14,11,5,0,jng,-1.4225181898250678,-0.6042909294920331,0.6588413819683124,-0.2960831693301809,-0.3580863767612752,0.05875072484719978
YoungJae,HANJIN BRION,jng,14.11,14,11,3,0,jng,1.1453596621321358,-1.6544743600135097,0.14429387212958292,-0.11011358930710088,-0.7765622764746712,-0.15917867282777318
Canyon,Gen.G,jng,14.12,14,12,8,0,jng,7.097465921688775,2.1785893659933477,1.2916897704881738,-0.1983245311431109,-0.44519804993743384,0.20942723428283494
Cuzz,DN SOOPers,jng,14.12,14,12,10,0,jng,0.5545299388380286,-0.7431245832708129,-0.3867343934161523,-0.5716463287337235,-0.33313140141303077,0.18059793571772959
Lucid,Dplus Kia,jng,14.12,14,12,9,0,jng,-0.6261664537585248,0.02698208313660888,-0.24977520890592267,0.12353726927086095,-0.5880378931860343,0.15665563999871648
Oner,T1,jng,14.12,14,12,10,0,jng,1.8644818592905479,0.2911896931370266,-0.9324548785752856,0.08135120163309649,-0.28919076993128,0.1728860930933434
Peanut,Hanwha Life Esports,jng,14.12,14,12,8,0,jng,0.8023147033982071,-0.20957732609160581,1.0101521441853656,0.7810504401522185,-0.6986820775371156,0.16374676593089418
Pyosik,KT Rolster,jng,14.12,14,12,10,0,jng,-0.6253636851224721,-0.8233822471382998,0.08752554067513549,-0.21053010853712917,-0.13065171295540376,-0.010375504638677684
Raptor,BNK FEARX,jng,14.12,14,12,8,0,jng,-1.1774149007992931,-1.4360343177593224,-0.8768225455193074,-0.42778606946909087,-0.1848357583232161,0.11439005801004813
Sponge,DRX,jng,14.12,14,12,9,0,jng,0.09639730985629637,-0.8183211820117476,-0.9703680495132277,0.3962814273161234,-0.20357737543862853,0.29231855592645345
Sylvie,Nongshim RedForce,jng,14.12,14,12,9,0,jng,0.30971066643909556,0.1234222578859249,-0.1081561063841372,0.1150041197116642,-0.37819228013185985,0.3226110888851259
YoungJae,HANJIN BRION,jng,14.12,14,12,9,0,jng,-2.239790068387187,-2.8769518413049497,-0.5516882693634566,-0.23551570950191988,0.07030038596756123,0.055471309232247516
Canyon,Gen.G,jng,14.13,14,13,9,0,jng,2.2338438249863954,0.8228549048092813,0.1739644953377936,-0.36396371695190904,0.015533018078108422,0.06020264763859908
Cuzz,DN SOOPers,jng,14.13,14,13,9,0,jng,0.8714834830172008,0.9429315205389647,-0.788412367081133,0.40300321097287706,-0.09673750544571393,0.12438266339024857
DDoiV,HANJIN BRION,jng,14.13,14,13,3,0,jng,-0.6962132957959036,-0.1848474639785716,0.8884466444114293,0.35121599673443527,-0.21142593674896,-0.05551959347704097
Lucid,Dplus Kia,jng,14.13,14,13,9,0,jng,0.45209263697248164,0.020605858078019512,0.022484722705928713,-0.42865565785190307,-0.16339220055639667,0.06088098302795282
Oner,T1,jng,14.13,14,13,11,0,jng,-0.3292939872075053,0.23826879356773997,0.9177989727844341,-0.305517211115595,-0.22541989075978314,0.39895134657539827
Peanut,Hanwha Life Esports,jng,14.13,14,13,9,0,jng,0.3575442446996883,0.7959555906367805,-0.14691800272179878,-0.03689607418479418,-0.39050411931313234,0.46082776906096784
Pyosik,KT Rolster,jng,14.13,14,13,9,0,jng,-1.7784304238663204,-0.1915938154453581,0.8744150512959062,-0.11125520292369116,-0.013947727764994972,0.127934742504017
Raptor,BNK FEARX,jng,14.13,14,13,10,0,jng,1.350241470203168,1.0090688405547747,-1.3025542200409148,0.4064745466705039,0.09505989020327975,0.26595752150996094
Sponge,DRX,jng,14.13,14,13,8,0,jng,-2.920732797364865,-0.6864037544112502,1.2126768279850149,0.1310490921279909,-0.5027713786088597,0.1225052258425316
Sylvie,Nongshim RedForce,jng,14.13,14,13,8,0,jng,-2.8048164722883877,0.03231158102962881,-1.6279314398503766,0.05915056205644303,0.2306501365235689,0.05101641996240922
YoungJae,HANJIN BRION,jng,14.13,14,13,7,0,jng,-1.5076105652985137,-0.022134270680925355,-0.6515580168228975,0.695831280808899,-0.18785256437726924,0.12388552494255853
Canyon,Gen.G,jng,14.14,14,14,8,0,jng,-0.24828887678531844,1.4187823899436376,-0.03832518155615901,0.2729675113710387,-0.16238184069815545,0.3535332297485865
Cuzz,DN SOOPers,jng,14.14,14,14,9,0,jng,-0.591179645861142,-0.08335045250479892,-0.7585582655141873,-0.17022953713490369,0.2700522965888749,0.3237446766725794
Lucid,Dplus Kia,jng,14.14,14,14,11,0,jng,-1.732502215890361,0.6957171149752974,-0.5557820515002823,0.6974152205293375,-0.16031039785304627,0.11082533657470048
Oner,T1,jng,14.14,14,14,10,0,jng,1.6681521126796168,1.7885321603024693,0.600574153137003,-0.4168330131463054,0.35373261290049446,0.4138821599959171
Peanut,Hanwha Life Esports,jng,14.14,14,14,10,0,jng,1.5550511819611836,1.4009416038148013,0.025323082213335703,-0.5886718698864936,-0.10016645108758529,0.25579750304237103
Pyosik,KT Rolster,jng,14.14,14,14,11,0,jng,-3.041276444020792,-0.8747660049571084,0.6595113051907036,0.7635879473098859,0.2633443394824563,0.24285824614440568
Raptor,BNK FEARX,jng,14.14,14,14,8,0,jng,2.2516507179127716,1.6077912482761716,0.5217717229319869,0.16024185887630957,-0.20753917136129146,0.17442835150853142
Sponge,DRX,jng,14.14,14,14,8,0,jng,-1.0898207457805593,-0.04327609337829546,-0.7751184950526504,-0.2887985696962416,-0.18700303446690697,0.3617521756839578
Sylvie,Nongshim RedForce,jng,14.14,14,14,9,0,jng,-1.443457527414441,-0.9280453559596017,-0.20252433453345256,0.4161487962080874,0.09011664147948323,0.086634553450171
YoungJae,HANJIN BRION,jng,14.14,14,14,8,0,jng,-2.169548503110269,0.01076276901318309,0.46444263320559276,0.09491559626043164,-0.49331321246355436,0.29973632458829375
Canyon,Gen.G,jng,14.15,14,15,9,0,jng,1.1910576317180595,1.174444955373841,-1.0962125070014879,0.7848327524462688,-0.08823935934749563,0.14568960596216088
Cuzz,DN SOOPers,jng,14.15,14,15,11,0,jng,0.5669782476829566,0.7443958691686268,-1.2640223200253933,0.20560960422263097,-0.16886005199031986,0.13302953325064631
Lucid,Dplus Kia,jng,14.15,14,15,10,0,jng,-0.1809357435102486,1.7787705810406935,0.034367130748484326,0.20924677335996147,-0.050283201361065566,0.15722996215584387
Oner,T1,jng,14.15,14,15,9,0,jng,0.013098572680168435,0.8322907624657264,0.30586492930283793,-0.2415064564340159,-0.32464581808882614,0.12872424779379651
Peanut,Hanwha Life Esports,jng,14.15,14,15,8,0,jng,2.133663814169615,2.028601610187564,1.171911261902065,0.4511658095266714,-0.1606660292173332,0.2815824776549861
Pyosik,KT Rolster,jng,14.15,14,15,9,0,jng,-1.4587647740632952,-0.21873694683934297,0.3754576052792978,-0.6729105992190437,-0.07783264868778972,0.1489869064070536
Raptor,BNK FEARX,jng,14.15,14,15,10,0,jng,-2.2831068810333655,-0.6203056616905482,0.049639004392235016,-0.0026107818000363644,0.010690580430229796,0.1688018620856876
Sponge,DRX,jng,14.15,14,15,9,0,jng,-0.9635549112599018,-0.005778471763321723,0.472263524775541,-0.44764520320614515,-0.04329613319987136,0.22755362700037568
Sylvie,Nongshim RedForce,jng,14.15,14,15,9,0,jng,-2.3264777885505548,-0.10824988800549196,0.100950062407122,0.019210672223622487,-0.11557622441084972,0.1809757247735708
YoungJae,HANJIN BRION,jng,14.15,14,15,8,0,jng,-2.1424164017770826,-0.5542053651230215,-0.46774832501444097,0.0031785468385754877,-0.0665884762703184,0.12408859728432356
Canyon,Gen.G,jng,14.16,14,16,12,0,jng,-1.760546881965265,0.37997732661596634,0.7071221683348964,0.054455922538715555,0.4655458195265982,0.0761134005159974
Lucid,Dplus Kia,jng,14.16,14,16,11,0,jng,1.0755453829463264,1.1999301515081477,-0.11370120644570327,0.685816530107209,0.48920556596299447,0.08494444755448756
Oner,T1,jng,14.16,14,16,15,0,jng,1.2903629594938155,1.3271808599615122,-0.762801986465966,-0.3850425224798217,0.3979624303515978,0.24448457311596078
Peanut,Hanwha Life Esports,jng,14.16,14,16,16,0,jng,-0.8811939225417927,0.8703577041710554,1.1356069628312853,0.4176242757433565,-0.049325503141878835,0.09759437116596982
Pyosik,KT Rolster,jng,14.16,14,16,4,0,jng,-5.053725453068191,-2.2494170880824127,-0.22491282230925164,0.05922071205976292,-0.19586579188750267,0.245858422388818
Raptor,BNK FEARX,jng,14.16,14,16,4,0,jng,-4.167142929038402,-1.2028929397539092,-0.42766250101671516,-0.044915673035462705,0.34978143877416695,0.2447563130132851
Canyon,Gen.G,jng,15.01,15,1,18,0,jng,0.3133158435162294,0.28240884009472733,-0.5890127529483195,0.06224544642837407,-0.09231988574695833,-0.13926543813724782
Croco,HANJIN BRION,jng,15.01,15,1,10,0,jng,1.3182349491544194,0.14745915894141476,0.3034728991174333,-0.4807331437404063,-0.24285867609820033,-0.03814568167695115
Cuzz,KT Rolster,jng,15.01,15,1,24,0,jng,0.971610359667861,0.9048008950039123,-0.1797873800381111,-0.27307461661575155,-0.06900756778746657,-0.09991342748572611
GIDEON,Nongshim RedForce,jng,15.01,15,1,20,0,jng,-1.4309084461736468,-0.1201913717748297,-0.552259959134372,0.15405330035813541,0.016925088323575994,-0.1407386325172227
HamBak,HANJIN BRION,jng,15.01,15,1,9,0,jng,-0.34881427199827214,0.4158040587922094,0.8067051463025027,-0.00976799635984396,-0.4861194032087546,-0.14587982980136463
Lucid,Dplus Kia,jng,15.01,15,1,25,0,jng,1.7429223710142467,1.3500356547158059,-0.07560120974045645,-0.4653027305508975,-0.10897499984537193,-0.0407312324570422
Oner,T1,jng,15.01,15,1,18,0,jng,1.1569364940555353,0.681176607352181,0.06199391348061577,0.04438067109946095,-0.033728557092900194,-0.04790414953322241
Peanut,Hanwha Life Esports,jng,15.01,15,1,19,0,jng,-0.9509392026816188,-0.3436116902388625,0.07555787495365376,0.057948540613048216,-0.2987649807834545,-0.09192563102138025
Pyosik,DN SOOPers,jng,15.01,15,1,20,0,jng,-2.1369462173556606,-1.0390800559238709,-0.07272781051891913,0.11562827590987033,-0.08086913492749626,-0.10123223466614552
Raptor,BNK FEARX,jng,15.01,15,1,21,0,jng,-2.4270245924897456,-0.9386608638688945,-0.10987104782993506,0.1865621377424117,0.04633824423042983,-0.11953005544492468
Sponge,DRX,jng,15.01,15,1,20,0,jng,0.6696069591518381,0.05280272015984873,0.12436433911658755,-0.43566287714555885,-0.09454065458863804,-0.06341320557843416
Canyon,Gen.G,jng,15.02,15,2,3,0,jng,-0.6813170923752374,-1.2733444527183686,-0.39835882412579243,1.76022659630798,-0.2956117896140037,0.27663341902817545
Cuzz,KT Rolster,jng,15.02,15,2,3,0,jng,2.2577719958047067,1.6725952840570537,-0.9928951231482618,-0.4841514756243101,-0.7225182384072616,0.0924636380246418
GIDEON,Nongshim RedForce,jng,15.02,15,2,10,0,jng,2.201943063048902,1.5619467841846268,-0.2618139747490815,-0.4225698325925442,0.3017926033964642,0.09843731342218723
HamBak,HANJIN BRION,jng,15.02,15,2,5,0,jng,-3.810390720038544,-1.415338565385244,0.6879659371407877,-0.036058515375685246,-0.2360455388006829,-0.06611854460556385
Lucid,Dplus Kia,jng,15.02,15,2,3,0,jng,0.6324570766884559,0.8125966215710003,-1.6246409672380036,0.0824795011560563,0.10320106744872004,0.020771622426178818
Oner,T1,jng,15.02,15,2,5,0,jng,2.2686169564727656,0.42944883238770115,1.0967546153956773,-0.30700764502020994,0.09660617323596976,0.3358913232085571
Peanut,Hanwha Life Esports,jng,15.02,15,2,4,0,jng,0.5928568660583153,0.0911686158010474,1.4704629464028292,0.7583075846805849,0.5780700486990517,-0.3062816452774816
Pyosik,DN SOOPers,jng,15.02,15,2,5,0,jng,-1.9434552289360487,-1.3613699552244154,-0.5104511699257365,0.3666237924830376,-0.5973916006727588,-0.034377267452736546
Sponge,DRX,jng,15.02,15,2,10,0,jng,-1.2539302333925268,-0.7762737331194494,0.13533697259186672,-0.24418520453762646,0.6307605663638852,0.028496001632286508
Canyon,Gen.G,jng,15.03,15,3,18,0,jng,-0.5448251945435899,-0.07390548462940172,0.09117232048735036,-0.09979190146026959,-0.37716745697109766,-0.016479065281609168
Cuzz,KT Rolster,jng,15.03,15,3,3,0,jng,-1.068635097912888,0.21177257526591256,-0.17084066123035563,0.41557071778843996,-0.6054365447452689,-0.31296273938423264
GIDEON,Nongshim RedForce,jng,15.03,15,3,12,0,jng,1.163158329309513,0.6581478490713135,-0.6946852811019399,0.050870134305235515,-0.23723090501347863,-0.09456854439299127
Lucid,Dplus Kia,jng,15.03,15,3,12,0,jng,1.4407630921692478,0.31981303939306804,-0.453571506986977,-0.30645830820867764,-0.17638123550746213,-0.04867888288478237
Oner,T1,jng,15.03,15,3,5,0,jng,0.28022335730445713,0.30831713160384067,0.48137817319926374,0.06922201496847553,-0.2936950546315209,-0.048561673618877255
Peanut,Hanwha Life Esports,jng,15.03,15,3,20,0,jng,-1.2159578093409162,-0.2806656032071691,-0.12583584238656492,-0.2906625677419892,-0.17012043220020517,-0.03412008577487975
Canyon,Gen.G,jng,15.06,15,6,5,0,jng,1.9624362516658034,-0.7004661719478613,-1.2275251009881336,-0.24277387029615505,-0.6303043076660384,0.16176075659377853
Cuzz,KT Rolster,jng,15.06,15,6,5,0,jng,-0.7091261022767613,0.3218110999514231,-0.5745894931894238,0.33364810526195665,-0.4276498904480218,-0.2808545485701963
Ellim,HANJIN BRION,jng,15.06,15,6,5,0,jng,0.779384805683924,-0.5194142495357853,-1.0117154754320998,-0.4130530929526446,-0.09806893334006354,0.05958053827709121
GIDEON,Nongshim RedForce,jng,15.06,15,6,4,0,jng,0.3282605173145627,-0.510398473220277,-0.015665082911632218,0.13237096254036534,-0.47864681741948056,-0.0824125652893417
Lucid,Dplus Kia,jng,15.06,15,6,5,0,jng,1.9432187181808913,1.1272508733439486,0.6073012235109982,2.116573906376821e-05,-0.2866555327703224,0.024808257620612794
Oner,T1,jng,15.06,15,6,5,0,jng,1.82498205863789,-0.07384518915723805,-0.31842727546247873,0.08425664031855941,-0.6845671936877091,-0.11482848290502067
Peanut,Hanwha Life Esports,jng,15.06,15,6,5,0,jng,-1.7052463544114698,-0.7743921749119269,-0.39849121093105927,-0.7023278631075671,-0.37947962942614966,-0.032118276077584475
Pyosik,DN SOOPers,jng,15.06,15,6,4,0,jng,1.1620327281134106,0.3549029065415377,-1.125630717834107,-0.8637524971353487,-0.28316830009035143,0.010729889797711764
Raptor,BNK FEARX,jng,15.06,15,6,6,0,jng,-0.552440980683951,-0.6366224088569196,0.2578177225218094,0.13029168674168168,-0.2605216741200045,0.06542076466348022
Sponge,DRX,jng,15.06,15,6,4,0,jng,-2.0264948691237366,-0.9128238092420025,1.0173798947456252,-0.2633473586767969,-0.7400353566896709,-0.16556514855467186
Canyon,Gen.G,jng,15.07,15,7,10,0,jng,2.1897871980684758,0.10243959054446006,-1.024269355342643,-0.2924512634851768,-0.8289071932352514,0.00316313235292723
Cuzz,KT Rolster,jng,15.07,15,7,10,0,jng,1.6365094984615696,-0.8091945882127454,0.002898975687533591,-0.9815759089257938,-0.05234525586350533,-0.1367193216303488
GIDEON,Nongshim RedForce,jng,15.07,15,7,10,0,jng,-0.5388129051890438,-0.5361285216204036,0.6114017716017163,-0.3056133155702658,0.17261466661679592,-0.043921963941012145
HamBak,HANJIN BRION,jng,15.07,15,7,10,0,jng,-1.0085173293458873,-0.6784999996983997,-0.0818826257250642,0.013344090044996298,-0.6908004559647967,-0.12819768654214928
Lucid,Dplus Kia,jng,15.07,15,7,10,0,jng,1.037594145623986,0.48448984629959657,0.43959695994427256,-0.2836978863520487,-0.5382521496475159,-0.0028189297016300917
Oner,T1,jng,15.07,15,7,10,0,jng,0.27210810130677215,-0.4454061078318266,-0.3921000595106457,-0.11812227289599256,0.11839106099629483,-0.1652961606153348
Peanut,Hanwha Life Esports,jng,15.07,15,7,9,0,jng,2.8909534284062786,0.474175388682052,0.7279247266249111,0.20256980857383614,0.08708025535489103,-0.12835085502021296
Pyosik,DN SOOPers,jng,15.07,15,7,10,0,jng,-0.6359167545316262,-1.0715159872004825,-0.7551177717291683,0.11726259375613042,-0.35339497468063796,-0.15735890932797192
Raptor,BNK FEARX,jng,15.07,15,7,11,0,jng,1.5011828643153988,-0.5147042118473496,-0.00492798798879764,0.19851301408196217,-0.5001886368402056,-0.09838670149028556
Sponge,DRX,jng,15.07,15,7,10,0,jng,-1.7060298671562253,-1.2513741156566696,-1.1840187581821282,0.13045518476951856,0.15745097672166108,-0.005659447558270767
Canyon,Gen.G,jng,15.08,15,8,8,0,jng,4.859386711722052,2.17573205242768,-0.6996356627435969,0.2595091533528635,-0.1384263881160261,-0.16332376912583685
Croco,HANJIN BRION,jng,15.08,15,8,3,0,jng,1.0534719650196944,-1.5053643789888735,-1.1862965027509904,0.12746094114639256,0.30705807907503035,0.030483043585159224
Cuzz,KT Rolster,jng,15.08,15,8,8,0,jng,-0.2347319940080266,-0.799927097435116,0.099615958997255,-0.15361959350874702,0.18237815109050146,-0.22505708815355638
DDoiV,DN SOOPers,jng,15.08,15,8,3,0,jng,1.9826605051407113,-1.0504093715578697,1.3112946793130018,-0.01168060295947589,-0.12068287583272315,0.02923704731851845
GIDEON,Nongshim RedForce,jng,15.08,15,8,9,0,jng,-0.0738750601964735,-0.06488421230157303,0.6724592016651925,0.33999626613038286,0.28903726543966923,0.07688429804847943
HamBak,HANJIN BRION,jng,15.08,15,8,8,0,jng,-1.9484345733254202,-2.0891838131827285,-0.6014112258590262,0.39186106773277635,-0.3674850539814615,0.1033072130931168
Lucid,Dplus Kia,jng,15.08,15,8,11,0,jng,-1.768209939043612,-1.2054662833634253,0.6749140908670023,-0.2339747422483239,-0.061352399888848934,-0.014094662018499227
Oner,T1,jng,15.08,15,8,10,0,jng,2.0288170810285924,-0.6954248169993205,0.3779613302783603,0.29563292280633746,-0.18941878509662066,-0.22157633777707117
Peanut,Hanwha Life Esports,jng,15.08,15,8,9,0,jng,1.1520041664246963,1.68956698303542,0.24762358233097045,-0.20084569782328915,0.07652385460439382,0.2227587155345959
Pyosik,DN SOOPers,jng,15.08,15,8,7,0,jng,-1.2147453345342216,-1.5506834254183357,-0.014774990763801699,0.04602063504049138,0.046942287453818066,0.043758508924851315
Raptor,BNK FEARX,jng,15.08,15,8,9,0,jng,-1.0620888850998231,-0.8417764854778206,-0.4169786597008199,-0.060731487358915856,0.3147303602647789,0.10125390335733743
Sponge,DRX,jng,15.08,15,8,9,0,jng,1.9439224429064172,0.6826525505210466,-0.4713266002492815,-0.5534399395562996,0.21018055093894664,0.040810508693408264
Canyon,Gen.G,jng,15.09,15,9,8,0,jng,2.6606940378251087,1.317650472203321,0.3026416246128802,-0.1988056106589526,-0.16213734422833875,0.02026315927201737
Croco,HANJIN BRION,jng,15.09,15,9,11,0,jng,1.6915568302992836,0.29186787540511894,-0.025069683198588714,0.14345855410602004,-0.2275854584682971,-0.22063346532750278
Cuzz,KT Rolster,jng,15.09,15,9,10,0,jng,1.9291657832676832,0.7444794736842913,0.3078111452728541,-0.4454301796367925,0.06931967022438106,-0.1001649421753308
GIDEON,Nongshim RedForce,jng,15.09,15,9,11,0,jng,-0.5991467838775001,1.3122017607073775,0.5385966793081801,-0.14613149713719742,0.2574503415530823,0.0625700281370208
Lucid,Dplus Kia,jng,15.09,15,9,9,0,jng,-1.039272508119772,-0.5635010087165659,0.7683398528353205,0.17042747876733866,-0.009211402569935913,-0.03372598383754313
Oner,T1,jng,15.09,15,9,9,0,jng,1.7591420873800963,1.072786095984624,-0.25741918210503884,0.043671794306863916,-0.25715192304429557,-0.10108332847583484
Peanut,Hanwha Life Esports,jng,15.09,15,9,9,0,jng,-1.7533384811787163,-1.0861800463364446,-0.785668701904533,0.3395605478465608,0.000880084011449017,0.1328790730380057
Pyosik,DN SOOPers,jng,15.09,15,9,9,0,jng,-2.5971782691523093,-0.5307559000408807,-0.6085235555325086,-0.022929969389920448,-0.5439496893962154,0.011285190085577585
Raptor,BNK FEARX,jng,15.09,15,9,10,0,jng,-2.126164013468472,-0.8158941011854082,-0.851288629525256,0.07593409137339724,0.37724505985039586,-0.19010553335834918
Sponge,DRX,jng,15.09,15,9,10,0,jng,-1.0032714372441873,-0.352459523096085,0.4651692005150351,-0.21447063986731532,0.37275135522664404,0.1492404746247569
Canyon,Gen.G,jng,15.11,15,11,5,0,jng,-0.17943039881923153,0.33639094277294446,-0.3051193029369688,0.2591338894021179,-0.368838340710354,-0.25214621594712977
Cuzz,KT Rolster,jng,15.11,15,11,10,0,jng,0.7120489091215828,1.498126629272874,-0.15925007409081898,0.08191723784991917,0.06229604222993853,-0.15826780679236804
GIDEON,Nongshim RedForce,jng,15.11,15,11,3,0,jng,-3.3195917458989603,0.5529730867272448,1.2222719439366831,-0.11033437215833851,0.2619704423728611,-0.07453021542963095
Lucid,Dplus Kia,jng,15.11,15,11,3,0,jng,-1.9616393776497367,-1.1731694700982176,0.01482066528928922,-0.3749109723437446,-0.2705871067975008,-0.13969361597697763
Oner,T1,jng,15.11,15,11,7,0,jng,-0.7659651491711297,0.42131938378198985,0.09626065682959296,-0.22536219864634202,0.21243821273020366,-0.1330580723106458
Peanut,Hanwha Life Esports,jng,15.11,15,11,8,0,jng,-0.555090621599659,0.11127571853167391,-0.2362332719365022,-0.33548719345604916,-0.03942449141581395,-0.15657860505606913
Canyon,Gen.G,jng,15.14,15,14,9,0,jng,1.1724609492350924,0.9105178603515516,0.9908677730431601,-0.03510017763669067,-0.25400653382235433,0.004217837977464695
Croco,HANJIN BRION,jng,15.14,15,14,10,0,jng,-0.3094957100770798,-0.4642429062904199,-0.3182800275986577,-0.3667160427509731,-0.5424040118670348,-0.09100258818501229
Cuzz,KT Rolster,jng,15.14,15,14,8,0,jng,-2.0164043812909975,-1.0223372237568853,-0.8978752210170323,-0.4476701662113673,0.1880665742881191,-0.08504180961652569
GIDEON,Nongshim RedForce,jng,15.14,15,14,8,0,jng,-0.8130040979029055,-0.6119875663549319,0.5953435174955563,-0.11506572309759121,-0.25833995506959323,-0.08543708573370067
Lucid,Dplus Kia,jng,15.14,15,14,10,0,jng,1.806126395837097,1.0223900912621435,-0.6945472641125521,-0.31027007812233115,-0.34253696771802733,-0.07907213953148297
Oner,T1,jng,15.14,15,14,9,0,jng,2.111833277317934,0.9917185666388262,0.10078837687927242,-0.36307601895015024,0.06936032945214149,-0.16408519572804262
Peanut,Hanwha Life Esports,jng,15.14,15,14,8,0,jng,-1.2591820600610395,0.08225903067732482,-1.0692189311542963,0.5980717405991777,0.15676893205205436,-0.25150879848266383
Pyosik,DN SOOPers,jng,15.14,15,14,9,0,jng,-0.9162963565140795,-0.8651439352347648,0.02006466268021736,-0.16299585827167476,-0.29332865731490865,-0.14551652061753312
Raptor,BNK FEARX,jng,15.14,15,14,9,0,jng,-1.7971318149153226,-0.9775527349286324,-0.10827537784813984,0.1001489552069945,-0.0682872569086959,-0.28998519332225564
Sponge,DRX,jng,15.14,15,14,12,0,jng,1.0057091561323779,0.92023235425105,-0.1292671776593015,-0.28529769904062185,-0.46754939195901474,-0.21522240155721267
Canyon,Gen.G,jng,15.15,15,15,10,0,jng,1.980833478002881,0.5638676248151372,0.497003430122239,0.7282549102858438,0.07137538094487114,0.13272959405800983
Croco,HANJIN BRION,jng,15.15,15,15,10,0,jng,0.8307955142629925,-0.3078781741158573,-0.6460428381513995,-0.11041323732081658,-0.36136713264291814,-0.09694838191909842
Cuzz,KT Rolster,jng,15.15,15,15,9,0,jng,-2.8412817499466896,-1.0316103935814191,0.6325001657882746,-0.06549390012877149,0.30861404985040547,-0.13406344114565075
GIDEON,Nongshim RedForce,jng,15.15,15,15,9,0,jng,0.2507558389109327,0.23825826644401804,0.13082207294260575,-0.01324539500975849,0.5441054738990688,0.05261013317747035
Lucid,Dplus Kia,jng,15.15,15,15,8,0,jng,2.370941331637491,1.8347813216391324,-1.5520615683667767,0.39554977458936963,0.18419735288227523,-0.10157793313955488
Oner,T1,jng,15.15,15,15,9,0,jng,0.2771748542072535,1.083750037340986,-0.7967390005016425,-0.06927246116269895,0.6102893309089695,-0.04399839147579249
Peanut,Hanwha Life Esports,jng,15.15,15,15,9,0,jng,-0.6736653934811103,-0.003366945292916539,0.5319257422872415,-0.2168263236225948,0.09081932793007572,-0.11419066459502265
Pyosik,DN SOOPers,jng,15.15,15,15,11,0,jng,0.09478690186791744,-0.22645847085890808,0.8572468509974634,-0.19850700166448115,-0.11620891595149835,-0.07417794194287959
Raptor,BNK FEARX,jng,15.15,15,15,10,0,jng,-0.8686383897169754,0.47613530594674186,0.842729207303547,0.12318238410175632,-0.05475581876714583,0.04991301916221882
Sponge,DRX,jng,15.15,15,15,11,0,jng,-2.304390821819865,-0.6126643606941506,-0.13895765241775554,-0.38349195755587506,0.06590586581352881,-0.05608751062408466
Canyon,Gen.G,jng,15.16,15,16,10,0,jng,0.6425785604663875,0.11022400140694749,-0.026620903435666907,0.004468014212315259,-0.30160650321287785,-0.13425955606374837
Croco,HANJIN BRION,jng,15.16,15,16,11,0,jng,0.38623129027403236,-0.437714118095162,-1.0979559319918584,0.011260060183402044,-0.17310576373025618,-0.019165085432385646
Cuzz,KT Rolster,jng,15.16,15,16,9,0,jng,1.8327147372510584,0.49187831032032014,-0.5450164362287396,-0.2796065898157554,-0.14345604706142492,-0.11050489101492526
GIDEON,Nongshim RedForce,jng,15.16,15,16,9,0,jng,-0.9529923008568952,-0.17845573466496092,-0.054951695551064404,0.12651970730386913,0.38286562788921785,-0.202536110706205
Lucid,Dplus Kia,jng,15.16,15,16,10,0,jng,1.873776364219817,0.27039560079481445,-0.5645170153798861,-0.04613163178683325,0.2210035100723027,-0.00032270116379409396
Oner,T1,jng,15.16,15,16,11,0,jng,-0.0035954509081569165,-0.5781955288908341,0.2129571832321484,-0.26049286235230457,-0.2599625086082843,-0.20706124778287688
Peanut,Hanwha Life Esports,jng,15.16,15,16,11,0,jng,-0.5042308103049644,-0.24830282441999946,-0.004473903542429046,-0.15733086098405624,-0.024029677691937194,-0.1487059704960424
Pyosik,DN SOOPers,jng,15.16,15,16,10,0,jng,0.26303484247450387,-0.4426333015054942,0.1639694011778472,-0.418750246209051,-0.38761450463015223,-0.032177448069740384
Raptor,BNK FEARX,jng,15.16,15,16,10,0,jng,0.3833959327072896,-0.08459891727740014,1.726734886549201,-0.031609557021525944,0.24756033974604022,0.020197765236183673
Sponge,DRX,jng,15.16,15,16,11,0,jng,-0.9620282686941168,-0.6242373519356317,-0.3261769456365528,0.2853043515814016,-0.200718895497699,-0.021894772937739174
Canyon,Gen.G,jng,15.17,15,17,17,0,jng,0.4359808502740465,-0.13760838384666096,-0.6645034569203684,0.27554965790320085,-0.2950943771870962,-0.09064332621986018
Croco,HANJIN BRION,jng,15.17,15,17,9,0,jng,-1.8996908673917963,-0.9687149809213591,-0.5621050280190019,-0.022022751992464014,0.271157689785574,-0.11104598580700262
Cuzz,KT Rolster,jng,15.17,15,17,15,0,jng,0.8233008759447514,0.4592044051588836,0.455628246944932,-0.7245248212837688,-0.26377725225152515,-0.0007606771152592787
GIDEON,Nongshim RedForce,jng,15.17,15,17,12,0,jng,-0.05584537889120776,0.036985499593165494,-0.4893056667281398,0.38846438103990244,0.8842638417023743,-0.14946082808107
Lucid,Dplus Kia,jng,15.17,15,17,25,0,jng,0.484410273873763,-0.03511148986130898,-0.2931178980002357,0.13385999444883362,0.23124858296501952,-0.04011266828235938
Oner,T1,jng,15.17,15,17,17,0,jng,2.166555937992015,0.29055617225265656,0.09535278206903834,0.029586272527517558,-0.07198181331300034,-0.03294052791246392
Peanut,Hanwha Life Esports,jng,15.17,15,17,10,0,jng,-1.0677850431327756,-0.44034418517902574,0.1737549014404638,-0.1244462123465083,-0.04162177909846734,-0.03774309082110533
Raptor,BNK FEARX,jng,15.17,15,17,17,0,jng,-1.303718991689514,-0.36283417669221757,1.6058903921816543,-0.03786592297256462,0.3031729453546466,-0.005036960167687242
Canyon,Gen.G,jng,16.01,16,1,8,0,jng,1.7095414045033956,-1.489798779876208,0.6581616115638961,0.3820104705671744,0.043978829512303,-0.048750085133247245
Cuzz,KT Rolster,jng,16.01,16,1,10,0,jng,1.4892056102347468,-2.5505987799828684,0.03147341996592607,-0.5182996000940201,0.09758228618326051,-0.1255856137021384
GIDEON,HANJIN BRION,jng,16.01,16,1,11,0,jng,1.8132335817001286,-1.604008314980198,0.352970977591357,0.054056963542049724,0.023635286795405774,-0.3118540284607713
Kanavi,Hanwha Life Esports,jng,16.01,16,1,11,0,jng,1.1371822701525518,-2.440375411017852,0.04158339969398812,-0.15048663659267428,0.1456525482651949,0.03775645953407236
Lucid,Dplus Kia,jng,16.01,16,1,9,0,jng,4.116084096930414,-0.7319140263305329,-0.030217031865234858,0.4293900217073726,0.4584722945182705,-0.1689911207852786
Oner,T1,jng,16.01,16,1,11,0,jng,1.8734138186471385,-1.362845337834904,0.17140714106587407,0.05037318224306556,0.46864169406398926,0.18894275305961752
Pyosik,DN SOOPers,jng,16.01,16,1,11,0,jng,2.0729613664299347,-2.0078653276933998,0.1312432039887872,0.22859794990754184,0.12966804264425735,-0.11317201607360766
Raptor,BNK FEARX,jng,16.01,16,1,10,0,jng,1.6036088485608604,-1.2626770740122772,0.5730474672182923,0.1680534933967882,0.43277996391734314,-0.019581841921561753
Sponge,Nongshim RedForce,jng,16.01,16,1,10,0,jng,2.5430192519563097,-1.51590346732779,0.17363610607772506,0.6314345543381837,0.3241350285141632,0.17339202215225397
Willer,Kiwoom DRX,jng,16.01,16,1,11,0,jng,1.3900609260500627,-1.2989988679897864,-0.2298988114238943,-0.11116898360922009,0.5233079378774618,0.26626139165879964
Canyon,Gen.G,jng,16.02,16,2,3,0,jng,1.4928431755051639,-2.5355326528656,0.7139813723756312,-0.6436790152605691,0.8111323842782951,0.036209726549447756
Cuzz,KT Rolster,jng,16.02,16,2,7,0,jng,2.673105103256554,-0.9392224903386118,0.6408238589249013,0.25227140773584317,-0.3492638262909741,-0.20400642481606499
GIDEON,HANJIN BRION,jng,16.02,16,2,8,0,jng,2.189011518819778,-1.9181177812035608,-0.19513236196249972,-0.36205931605772357,0.2755909469326325,-0.16365596657536371
Kanavi,Hanwha Life Esports,jng,16.02,16,2,3,0,jng,3.284983620166308,-1.5145569535975125,0.0908838316508393,1.056313740067808,0.41399260960383283,-0.13391655012311562
Lucid,Dplus Kia,jng,16.02,16,2,5,0,jng,5.706623898964085,0.6890779555799259,1.1843624786458102,-0.28751876074889676,0.24778368143486465,-0.15246159278044547
Oner,T1,jng,16.02,16,2,3,0,jng,-1.0457342661847333,-2.6676245544007475,0.346701423697972,0.49677479134766045,0.0021560124640440715,-0.283651919601742
Pyosik,DN SOOPers,jng,16.02,16,2,9,0,jng,2.427928576174563,-1.4624989613731378,0.3840022336925938,-0.3221436470496815,-0.3759034855871814,0.12735424713273275
Raptor,BNK FEARX,jng,16.02,16,2,4,0,jng,0.8991141322086819,-1.234508680960137,-0.7956802596831706,0.6222218165039064,-0.2752158070325686,0.09492695492600806
Sponge,Nongshim RedForce,jng,16.02,16,2,11,0,jng,0.41557420999919553,-2.464841484619991,-1.2110331485829562,-0.27694183079250223,0.39122007150395244,0.02396418360182229
Willer,Kiwoom DRX,jng,16.02,16,2,13,0,jng,1.8645642212786913,-2.0179138455433483,0.3451070088811671,0.32129683911028717,0.1259928519321955,-0.12845701514782976
Canyon,Gen.G,jng,16.03,16,3,11,0,jng,2.919420176509438,-0.6340797816138951,0.17825987025789644,-0.12405790819815148,-0.20641103483212908,0.011758808606684846
Lucid,Dplus Kia,jng,16.03,16,3,21,0,jng,2.029318730108512,-1.0958450491294272,-0.586396053960375,0.5263025545980854,0.16197445508712346,0.04953043251061675
Oner,T1,jng,16.03,16,3,9,0,jng,1.6911283134098827,-1.648708835502021,0.7588292782278696,-0.136433732212309,0.8951600555074251,0.14918399505759558
Pyosik,DN SOOPers,jng,16.03,16,3,13,0,jng,3.4663879975110508,-0.5269999854033566,-0.22527339091914653,0.3072280560614711,0.15696367509148665,-0.16269577315259615
Raptor,BNK FEARX,jng,16.03,16,3,19,0,jng,0.5628838898412633,-1.9973103525374427,1.0358275738819045,0.017110777376706396,0.28055164471556365,-0.021511093531317815
Willer,Kiwoom DRX,jng,16.03,16,3,9,0,jng,-0.984169234683184,-2.852011197057672,-0.21840762204573475,-0.6693899300199493,0.06708665500110456,-0.02964669898876378
Canyon,Gen.G,jng,16.06,16,6,5,0,jng,1.1160759449499187,-0.33655323001076703,2.614196078236192,0.6026883625201559,0.22391140532651527,-0.083187460174028
Cuzz,KT Rolster,jng,16.06,16,6,5,0,jng,1.806545775847997,-0.23715930500289548,-0.6815018003768979,-0.4224510877331186,0.7910524421041415,-0.14252648690377298
GIDEON,HANJIN BRION,jng,16.06,16,6,4,0,jng,1.364688984671686,-0.23986857507605427,-2.729440990824122,0.2857573792939448,0.8889784590015046,0.07058706907051111
Kanavi,Hanwha Life Esports,jng,16.06,16,6,4,0,jng,-0.977662920109288,-1.8676448063676387,2.6729356198327454,-0.5440645293906864,0.5775433654562726,0.08832608527258162
Lucid,Dplus Kia,jng,16.06,16,6,4,0,jng,0.044832619045005954,-1.982726737307684,-1.3051680935892256,-0.12033170627241006,-0.1085332945064692,0.35733914439568765
Oner,T1,jng,16.06,16,6,4,0,jng,2.409271447531789,0.07848770941529784,-0.7805559818175338,1.3365590018530888,-0.06914632389560604,-0.4550977976911155
Pyosik,DN SOOPers,jng,16.06,16,6,4,0,jng,2.2259698725410755,-1.8611881184676995,0.9093492898771379,0.14339848981199538,-0.16235794160166245,0.21550976031561714
Raptor,BNK FEARX,jng,16.06,16,6,4,0,jng,-1.3405737158002669,-1.364396994349365,0.34405698602331053,-0.5790395733941899,0.3260592113287135,0.0012024186019682099
Sponge,Nongshim RedForce,jng,16.06,16,6,4,0,jng,3.7652044344218987,-0.9828221166476133,-0.975817369093292,0.22334900813504283,0.046882489273299306,0.3847498427790774
Willer,Kiwoom DRX,jng,16.06,16,6,4,0,jng,1.2549195052389797,-1.405292216837325,0.9462353804986011,0.1281631392485013,-0.5287546667171058,0.1480412002977343
Canyon,Gen.G,jng,16.07,16,7,8,0,jng,-0.4875007261394326,-2.3805709197772424,-0.6988831409509692,-0.4198355531919189,-0.15786403282858166,0.16057605104129177
Cuzz,KT Rolster,jng,16.07,16,7,9,0,jng,2.9064694755036284,-0.32189063991131706,0.9395683593727858,0.26873401470487474,-0.3839845102433663,0.011000832537148508
GIDEON,HANJIN BRION,jng,16.07,16,7,10,0,jng,2.118307717634679,-1.21283828371038,1.31028302206148,-0.06685071375595279,-0.2015910675949395,0.01612966754152976
Kanavi,Hanwha Life Esports,jng,16.07,16,7,9,0,jng,5.657431917312534,1.1192480666354954,1.8141713402496833,0.4906620402622461,0.621388625302654,0.06816611170959339
Lucid,Dplus Kia,jng,16.07,16,7,10,0,jng,1.6672344726411803,-0.881346179253249,-1.006493709683048,0.36977242606784133,0.32400754265368165,0.056926049025497916
Oner,T1,jng,16.07,16,7,8,0,jng,1.4631514746092096,-1.0097203784424815,0.5299268225604629,0.6953080224857298,-0.342100774835032,0.07942479411256206
Pyosik,DN SOOPers,jng,16.07,16,7,7,0,jng,-2.203885189059069,-3.262708373742755,-0.6006993044372495,-0.24577114109504955,0.5748038083655249,0.16402979243611196
Raptor,BNK FEARX,jng,16.07,16,7,9,0,jng,-0.06743122245472256,-1.6231181881364798,0.6644824766800127,-0.15627947360313393,0.5531564051051653,0.007816779169813666
Sponge,Nongshim RedForce,jng,16.07,16,7,9,0,jng,1.6374405924659716,-1.5302573993231567,0.0737183619159601,-0.24629024090912197,0.3579237577333146,0.14992344351533887
Willer,Kiwoom DRX,jng,16.07,16,7,9,0,jng,0.7439764453526788,-1.7462895999610022,-2.0095430097333558,0.3040356220076248,0.48035556716989086,0.023671320674544156
Canyon,Gen.G,jng,16.08,16,8,10,0,jng,1.030484971690845,-1.9912958817774602,-0.19834125169220176,0.005565901348335677,0.10053760600007933,0.1648228621763763
Cuzz,KT Rolster,jng,16.08,16,8,8,0,jng,2.050938871785502,-1.269869186084197,0.20281638074993102,-0.4347545906900411,0.8037139771305231,-0.15063950835544065
GIDEON,HANJIN BRION,jng,16.08,16,8,8,0,jng,2.1261423594605704,-1.2854726190689953,0.48446806954683097,0.07409577653317996,0.16698792466310142,-0.23272889379987693
Kanavi,Hanwha Life Esports,jng,16.08,16,8,10,0,jng,3.4813021299695617,-0.3776412061403066,-0.6749580556392556,0.5187258582534702,0.6279169712661179,-0.014343956077294617
Lucid,Dplus Kia,jng,16.08,16,8,9,0,jng,3.6485884720246315,-0.3853420467117497,-0.048035645247448445,-0.11051486301852602,0.012634435015234938,-0.005992857618280079
Oner,T1,jng,16.08,16,8,9,0,jng,1.3195081441728922,-1.0163795599493493,0.979438569312622,-0.05452112438951444,0.47938258760482694,0.1497071282089432
Pyosik,DN SOOPers,jng,16.08,16,8,8,0,jng,0.21991850032700425,-1.4368010701086178,-1.092338703919572,0.1520811968722126,0.4464810070526401,-0.1093166324757006
Raptor,BNK FEARX,jng,16.08,16,8,8,0,jng,-2.0581689898109556,-1.5907616458026987,0.671125930857314,0.26469923344095947,0.7039182501962614,0.1568507634847243
Sponge,Nongshim RedForce,jng,16.08,16,8,9,0,jng,-0.49782698356348515,-2.2078998935092318,2.0661757317333733,-0.0015847976332256512,0.5772486104141357,0.10790650863364855
Willer,Kiwoom DRX,jng,16.08,16,8,9,0,jng,2.6083227069298824,-0.6608550879051243,0.2658641896687408,0.922309887724704,0.08344274700073721,-0.15526907900174064
Bdd,KT Rolster,mid,14.01,14,1,16,0,mid,-0.2307762884185407,0.4126659131193616,-0.1720898352166969,0.14691458795282628,0.25350174846783874,0.2520779913777182
BuLLDoG,DN SOOPers,mid,14.01,14,1,13,0,mid,-2.4118727405696605,0.5341183495362886,-0.05087752055613249,-0.976890623098745,0.08616730533404132,0.26479510641223597
Callme,Nongshim RedForce,mid,14.01,14,1,13,0,mid,-1.500939338105269,-0.14821329950955323,0.1744357745927074,-1.209848388843265,0.03574826986186587,0.2246984697383842
Chovy,Gen.G,mid,14.01,14,1,14,0,mid,2.186414676760644,-0.10444829660897108,1.4858008419248228,0.5187724637503737,-0.12623387615488263,0.20179201242493847
Clozer,BNK FEARX,mid,14.01,14,1,14,0,mid,0.06852527906113808,0.056691467567322344,-0.18631046171005203,0.42944434575698004,0.07900659174309504,0.22497631691294392
Faker,T1,mid,14.01,14,1,14,0,mid,2.967885764688333,-1.4292506968395713,-0.044387030671336127,-0.49019231870731317,-0.32299446798823817,0.1937398409087837
Karis,HANJIN BRION,mid,14.01,14,1,13,0,mid,-0.8852093544344402,1.3211897518668254,-0.514734613461343,0.2178005303825334,-0.10866892020902277,0.025972771313946586
SeTab,DRX,mid,14.01,14,1,15,0,mid,-2.143314158441081,0.05037414141890626,-0.3128578239016375,-0.31559388568944363,0.17697141445455064,0.30147784483886814
ShowMaker,Dplus Kia,mid,14.01,14,1,14,0,mid,1.8046046466980266,0.25420984741437314,-0.5665718692872306,-0.26664566794186806,0.03694329525514467,-0.04627264091766532
Zeka,Hanwha Life Esports,mid,14.01,14,1,13,0,mid,1.0350194975078681,-0.15927217390615325,-0.13011170512121162,0.3592360239661511,0.1735458427059107,0.03424388334294914
Bdd,KT Rolster,mid,14.02,14,2,4,0,mid,0.23342292577211007,-0.6387276290281022,0.6211965428195861,0.3843599575366682,0.8939079295362995,0.42321277763416637
BuLLDoG,DN SOOPers,mid,14.02,14,2,5,0,mid,-0.6766427301247029,1.1150366293040754,0.18834870479588142,-1.0974216895215976,0.32642839452662437,0.021785982920197965
Callme,Nongshim RedForce,mid,14.02,14,2,4,0,mid,-1.5746926987573895,0.18339880236438658,-0.505672133420658,-0.5128938481248022,0.17191002709700554,0.48331247274597683
Chovy,Gen.G,mid,14.02,14,2,4,0,mid,2.5187407901131618,-0.27542630023201903,-1.6722929510603477,-0.1510744099728334,-0.35687404960390706,0.08128925775479073
Clozer,BNK FEARX,mid,14.02,14,2,5,0,mid,1.7098516418194416,1.372964349786017,-1.164686922479022,0.1736058486541976,0.284894232070093,0.45324634763815386
Faker,T1,mid,14.02,14,2,4,0,mid,1.5650680300493318,-0.014961142775175863,-0.8012721250473825,0.23513302807090836,0.030276612148472118,0.7839549141786176
Karis,HANJIN BRION,mid,14.02,14,2,4,0,mid,-1.8822494571374673,0.166454283952243,-1.0096169530867145,-1.2143843932863947,0.11630558677792902,0.12761062426543482
SeTab,DRX,mid,14.02,14,2,4,0,mid,-2.4063367340089026,0.1312277974770298,0.9610971193488377,-0.7466818518905761,-0.19161738735762546,0.6152185419043692
ShowMaker,Dplus Kia,mid,14.02,14,2,4,0,mid,1.0793930837475119,-1.2057762904011655,0.8039263854708975,-0.7079657632690544,-0.0478425896583858,0.502842200362035
Zeka,Hanwha Life Esports,mid,14.02,14,2,4,0,mid,-1.1424041215666925,-0.3319875092831932,0.34806427299495796,0.24862466723882845,0.7946697065493575,0.1460542623240783
Bdd,KT Rolster,mid,14.03,14,3,9,0,mid,0.5210649749167728,0.23506893146488317,-1.0036938518135732,-0.24004063408421977,0.17330196553481542,-0.1405055904816551
BuLLDoG,DN SOOPers,mid,14.03,14,3,11,0,mid,-0.5474238183944303,0.8017744457829722,0.36602742656552306,-0.10397385058908415,0.20941551306758374,-0.1069916824187058
Callme,Nongshim RedForce,mid,14.03,14,3,9,0,mid,0.07268807853687526,0.16437212982442181,-0.49621721882791514,-0.8315200367149589,-0.37892230908629404,0.005912231124604036
Chovy,Gen.G,mid,14.03,14,3,8,0,mid,2.6757534835091477,-0.6748471377578875,0.2308486949562826,0.41652734838742467,0.08722985233286183,0.08237088202172299
Clozer,BNK FEARX,mid,14.03,14,3,9,0,mid,-1.1573554988662746,1.293483214843625,-0.6119594414313032,-0.3338088367866011,0.15280203194977152,-0.08376706465956635
Faker,T1,mid,14.03,14,3,9,0,mid,1.2060794489430173,-0.3368733904865692,1.3796025607854712,-0.3561768218588946,0.07132553539495719,0.4519431905949372
Karis,HANJIN BRION,mid,14.03,14,3,10,0,mid,1.2879126127757092,1.0315143919777916,-0.332971049513809,0.22698043234460502,-0.0050218116554998455,0.044499712966302944
SeTab,DRX,mid,14.03,14,3,6,0,mid,-0.40867807471067175,0.5450721130623721,0.6667188733044653,-0.1972022215919316,-0.4535248488339703,0.0182072620137866
ShowMaker,Dplus Kia,mid,14.03,14,3,10,0,mid,-0.5017403192692295,1.0150085092685133,-0.01834190320179181,0.04424784062785035,0.3387215660691616,-0.019556531202116815
Zeka,Hanwha Life Esports,mid,14.03,14,3,9,0,mid,1.0042985263178041,0.6890747036212984,0.19591875481758472,1.3012207004871108,0.9098454884349608,0.11485164122937895
kyeahoo,DRX,mid,14.03,14,3,4,0,mid,0.26821326366844506,0.04129988489121941,-0.6893032117035113,-0.40228890130661626,0.023171492554355345,-0.516891831991484
Bdd,KT Rolster,mid,14.04,14,4,10,0,mid,1.686074757245038,-0.41502384915514523,0.3296568260014453,0.11445626173359318,0.144601827603764,0.09518546314989575
BuLLDoG,DN SOOPers,mid,14.04,14,4,10,0,mid,-0.6343074275905765,1.019700662067311,-0.6290591700099561,-0.15901723021062258,-0.23578240425302166,0.28347167187327327
Callme,Nongshim RedForce,mid,14.04,14,4,6,0,mid,0.47899782168398936,0.9386727331261927,0.7323239070087025,-0.7106588713094159,0.10460405132624855,0.05792176567824815
Chovy,Gen.G,mid,14.04,14,4,9,0,mid,3.177121021464156,0.005864929658325383,0.42143622069273357,0.39429792744191466,0.04263428350769202,0.3474515528070869
Clozer,BNK FEARX,mid,14.04,14,4,10,0,mid,1.2859594893392667,0.7696912469584208,-1.1424950505677072,-0.3077689364488923,0.24477780441273445,-0.002860131364533978
FIESTA,Nongshim RedForce,mid,14.04,14,4,4,0,mid,-0.17734623704695496,0.052373782298665746,1.7685432425239949,-0.4292508993590041,-0.09849661336194564,0.19192622526572467
Faker,T1,mid,14.04,14,4,9,0,mid,1.2760837029112269,-0.07185199181144929,0.048726250816255576,0.022666525834808143,-0.099132936070437,0.3313539810986408
Karis,HANJIN BRION,mid,14.04,14,4,10,0,mid,-0.7675430875762536,1.1806086105520082,-0.2051272627499771,0.08905769910232397,-0.04808478497813836,0.4533336442835117
ShowMaker,Dplus Kia,mid,14.04,14,4,10,0,mid,-1.0075621152167218,0.930700268464253,-0.1679468699219533,-0.6656872322721251,-0.4623886037876441,0.28884416300723276
Zeka,Hanwha Life Esports,mid,14.04,14,4,10,0,mid,0.12039393458741264,0.1240940758136058,1.1205252467565012,-0.2179879564224593,0.2737279716910579,-0.15232421964559786
kyeahoo,DRX,mid,14.04,14,4,10,0,mid,-0.12588135880075926,1.1297687322166179,-0.2702492323060752,-0.33172580488671505,0.4822823847965125,0.17340314129590492
Bdd,KT Rolster,mid,14.05,14,5,5,0,mid,-0.1746463774418575,-0.3178051077105664,1.7285230473752975,0.4149430928279302,0.01574071135998559,0.431658202029807
BuLLDoG,DN SOOPers,mid,14.05,14,5,4,0,mid,0.6995255768396078,0.04853048493015277,-0.4477166186427639,-0.29251949867041754,-0.2903160894377982,0.09880323630708766
Callme,Nongshim RedForce,mid,14.05,14,5,3,0,mid,-1.3834821497770433,-1.3158194428007088,0.04511889001796544,-0.5875566958667088,-0.8868550356930952,0.8428362594212815
Chovy,Gen.G,mid,14.05,14,5,4,0,mid,4.278840532424804,-0.08591112929812014,-0.8373536058366184,-1.8528161310758355,0.33221011765459585,0.4074989022798471
Clozer,BNK FEARX,mid,14.05,14,5,5,0,mid,1.5935745064393205,0.6426875562865451,-0.9442457949219698,0.07114206947245762,0.10757268476138002,-0.11791779991932372
Faker,T1,mid,14.05,14,5,4,0,mid,0.9325573522852897,-1.7728148258263488,1.0510507586810836,-0.8809936274576942,-0.3571426286354568,0.621294886998516
Karis,HANJIN BRION,mid,14.05,14,5,3,0,mid,-0.909524680304248,0.8896700652105011,-0.3587499580905379,0.9483852183117519,0.365955617125525,0.3849287278410973
ShowMaker,Dplus Kia,mid,14.05,14,5,4,0,mid,-0.6591584431636038,0.9285030045940471,-0.21000773078547494,-0.025146021194481477,0.6736322841640141,-0.5072503813328242
Zeka,Hanwha Life Esports,mid,14.05,14,5,5,0,mid,1.2754167794731774,0.6457310800297318,-0.9894268123413021,-0.037047586894973145,-0.30063995934550763,-0.1796268704441621
kyeahoo,DRX,mid,14.05,14,5,4,0,mid,-2.6684231171973054,1.805443971499405,0.7670052713319943,0.008718500886948343,0.4605157127881289,0.6076223299275314
Bdd,KT Rolster,mid,14.06,14,6,5,0,mid,-2.677153616897784,0.9372334725917756,0.37378223713928344,0.323156953840654,-0.15218461647971498,-0.04967957904882068
BuLLDoG,DN SOOPers,mid,14.06,14,6,3,0,mid,-0.3483262571005502,1.616967666164514,0.13140980358212845,-0.5594147230640459,0.5174257096442807,0.2791692476819247
Chovy,Gen.G,mid,14.06,14,6,14,0,mid,2.9086287189248905,0.27701969113918384,-0.44221854416879086,0.6132311474619215,0.13423519545147333,0.04963429896217899
Faker,T1,mid,14.06,14,6,15,0,mid,-1.357675006606339,0.42727022732029846,-0.1329331741755189,0.2643968297537368,0.1020852713328402,-0.06899505908318922
ShowMaker,Dplus Kia,mid,14.06,14,6,13,0,mid,0.47763668362658696,0.30034491693278953,0.12329946024539536,-0.5590457696841186,-0.0400507412304222,-0.3339143642914219
Zeka,Hanwha Life Esports,mid,14.06,14,6,14,0,mid,0.6216271605200769,0.258680557760488,-0.13268309591342523,-0.026160566400793228,0.3704725586124855,-0.051665725948937744
Bdd,KT Rolster,mid,14.11,14,11,5,0,mid,-0.6050130279241235,0.2048553233370491,0.6908671351799134,-0.4641538442728539,-0.7693859344689201,-0.07216580649694151
BuLLDoG,DN SOOPers,mid,14.11,14,11,5,0,mid,3.406349317455679,-1.0753784680567797,-0.23332642615993723,0.7805887130907487,-1.0604128591964332,0.10365635163333387
Chovy,Gen.G,mid,14.11,14,11,4,0,mid,4.3222838813836715,0.3323935541481297,-0.26030028914955705,0.6466510993538195,-0.1294963279697367,0.3231148362513871
Clozer,BNK FEARX,mid,14.11,14,11,5,0,mid,-0.8562087030142861,0.5890019031351585,-0.09872410916572381,-0.21803582280419181,-0.6303992272748513,-0.07851121652554334
Faker,T1,mid,14.11,14,11,4,0,mid,-0.5278358090222394,1.0012443647374303,-0.33745495831151673,-1.0652332296566536,0.05497230508613217,0.2643361713675226
Fisher,Nongshim RedForce,mid,14.11,14,11,4,0,mid,0.1611519734764272,-0.5449093813565719,1.2099285996475542,0.14062862871921405,0.31027374098626,0.12480088350856658
Karis,HANJIN BRION,mid,14.11,14,11,6,0,mid,-0.030118727768455263,0.3117010907687903,0.5279496285706704,0.3009822625879085,-0.08978074062413778,-0.0711481341182331
ShowMaker,Dplus Kia,mid,14.11,14,11,6,0,mid,0.7615632362502643,0.28998328466936124,1.008891210411766,-0.6439756016737804,0.48248090014134976,-0.17060412866870406
Zeka,Hanwha Life Esports,mid,14.11,14,11,6,0,mid,-0.3393595227980305,1.1064045035790167,-0.8175652309670375,0.8615757509668402,0.2216956064658783,-0.04009970376245967
kyeahoo,DRX,mid,14.11,14,11,6,0,mid,-0.27360572662380134,0.9373502312531076,0.13808897438880577,-0.05825010946555222,0.2791359123247804,-0.35925826941310224
Bdd,KT Rolster,mid,14.12,14,12,10,0,mid,-0.3921785403104049,0.815157875773265,0.37190493157945265,-0.27374251765371965,-0.21792065778056335,0.21424076175085
BuLLDoG,DN SOOPers,mid,14.12,14,12,10,0,mid,0.9797759447414849,1.1977803783789651,-0.8711278018476809,-0.6032501315082665,-0.1625801864801637,-0.14350298458167368
Chovy,Gen.G,mid,14.12,14,12,8,0,mid,4.853353625973933,0.21752423068471788,0.2352382880362438,0.5139764346685793,0.18818534374605236,-0.1919212596840118
Clozer,BNK FEARX,mid,14.12,14,12,8,0,mid,0.4472498072221027,0.606628603397125,-0.2889195728607362,0.2801888506173706,0.1397512308164235,0.11818397343620461
Faker,T1,mid,14.12,14,12,10,0,mid,-0.2166302123905465,-0.11879457365835569,0.5997556649003191,0.3008359994252967,0.09194798132964359,0.10620950507709075
Fisher,Nongshim RedForce,mid,14.12,14,12,9,0,mid,0.09268440986026744,0.17120172440570466,-0.0029514887975780426,0.029948282186496374,0.17955905138560352,0.3341544682800245
Karis,HANJIN BRION,mid,14.12,14,12,7,0,mid,-1.1557521113684215,1.5444640221737895,0.09027335118133965,-0.5004747636931725,-0.9754220633988802,0.11652353807980458
ShowMaker,Dplus Kia,mid,14.12,14,12,9,0,mid,0.5348728734463893,0.6306439100373603,0.373074856467007,0.23528362554508572,0.4417169001252028,-0.20519894320380805
Zeka,Hanwha Life Esports,mid,14.12,14,12,8,0,mid,4.769884674594038,-0.2817635388586119,1.1002565559885786,-0.6075255647698339,-0.09562074080294419,-0.10082323737775528
kyeahoo,DRX,mid,14.12,14,12,9,0,mid,-2.763754857060259,0.6156770627589558,0.13429338326785578,0.14883633496247423,-0.15984327382564845,0.09270027495318926
Bdd,KT Rolster,mid,14.13,14,13,9,0,mid,-0.28897463761484066,0.07715156029239412,-0.39584679197064343,0.5466742620839191,-0.21673948740326834,0.02749607926532417
BuLLDoG,DN SOOPers,mid,14.13,14,13,9,0,mid,-0.5008188845947185,1.2110619572357881,0.02309659238054163,-0.39681393280282135,-0.3655376871692151,-0.13058443417901397
Chovy,Gen.G,mid,14.13,14,13,9,0,mid,4.2949817277704305,-0.050000058805223,-0.8992763681627313,0.2833231595522042,-0.0977376784807352,0.16609838025886184
Clozer,BNK FEARX,mid,14.13,14,13,10,0,mid,0.50301105624259,0.7884414780952694,0.1115973481068555,0.1513710150965023,-0.4021792469415265,-0.08262804653505891
FATE,HANJIN BRION,mid,14.13,14,13,3,0,mid,-1.0384484685762312,-0.09822970985019629,2.3464556361976516,-0.19892116371271076,0.3482746203424841,-0.017611803544328217
Faker,T1,mid,14.13,14,13,11,0,mid,0.9574983194569203,-0.6445982384241593,1.331537676019591,-0.4503351242288866,-0.23029150041240193,-0.12708765565909247
Fisher,Nongshim RedForce,mid,14.13,14,13,6,0,mid,-2.30359929488027,-0.5235375069980029,-0.5449998312089159,0.5521756616677072,0.31029809267318076,0.2674234877309068
Karis,HANJIN BRION,mid,14.13,14,13,4,0,mid,1.1077689544794613,0.40404243364835574,0.05071524443598243,-0.8631524263378221,-0.5053271987319974,-0.0017519917108034767
Pullbae,HANJIN BRION,mid,14.13,14,13,3,0,mid,-4.765178456871717,-0.04570315613533362,-0.055290780941876186,0.5029464166918869,-1.1920994043922564,0.44668095990288675
ShowMaker,Dplus Kia,mid,14.13,14,13,9,0,mid,0.6210880433932457,0.3238588355864564,0.5257343377289061,-0.22665052105070863,0.2627746071181908,-0.09338695934775038
Zeka,Hanwha Life Esports,mid,14.13,14,13,9,0,mid,1.649208795867134,0.44911999552636633,0.05505262537422716,0.5467510914171844,0.04459052982581993,-0.13674676991141357
kyeahoo,DRX,mid,14.13,14,13,8,0,mid,0.04609093556373475,-0.006965699268072835,0.7239805519218617,-0.10299504137966095,0.32433760838578896,-0.09649999409282133
Bdd,KT Rolster,mid,14.14,14,14,11,0,mid,1.9072312059318295,-1.183011731655859,1.1023416069591745,0.1796231582195959,-0.19758194407460525,0.032835508675810116
BuLLDoG,DN SOOPers,mid,14.14,14,14,9,0,mid,-2.837724803894626,-0.2954710452082387,1.5036636477082463,-0.03882400772350901,-0.3811585321784568,0.2856450807865028
Calix,Nongshim RedForce,mid,14.14,14,14,4,0,mid,-2.4339805688791123,0.17773182404003043,-0.20039248583886207,-0.3681360527515635,-0.566172222924408,-0.36080224306807557
Chovy,Gen.G,mid,14.14,14,14,8,0,mid,3.8038471101065086,-1.348169698322482,1.6974315169593912,0.3894326031136597,0.10280354932376295,0.4928574506747172
Clozer,BNK FEARX,mid,14.14,14,14,8,0,mid,0.4665761552488842,0.4675740336107838,-0.28325027977389694,-0.14538556761726673,-0.8284015495746537,-0.31201165458095137
FATE,HANJIN BRION,mid,14.14,14,14,8,0,mid,-1.0900131090914753,-0.5754166977260562,0.04970649750748105,-0.7429185104403206,0.002391736088863897,-0.4009163753209581
Faker,T1,mid,14.14,14,14,10,0,mid,0.026946803819106975,-0.5298424092920055,-0.3439395891613617,0.4061902514659628,-0.21225540288094366,0.3222708651534639
Fisher,Nongshim RedForce,mid,14.14,14,14,5,0,mid,0.7378408617781974,-0.3662964321557381,-0.02525153891943178,0.5093877145928984,-0.1584004275949232,0.07247581183423499
ShowMaker,Dplus Kia,mid,14.14,14,14,11,0,mid,-0.8603369493934889,-0.34609435732174326,-0.7596435834031929,-0.7102330821314548,-0.5285342286731546,-0.11942869165012823
Zeka,Hanwha Life Esports,mid,14.14,14,14,10,0,mid,0.8675922529583054,-0.21528236712219698,0.5402808667317401,0.5530114382004603,-0.4645532840942938,-0.19985001939102814
kyeahoo,DRX,mid,14.14,14,14,8,0,mid,-3.0411916599802478,0.20775006699423443,0.07396773379634843,0.4510202473161599,-0.03593048194762014,-0.00818135501920471
Bdd,KT Rolster,mid,14.15,14,15,9,0,mid,1.3860622344675888,-0.15701564426206963,0.7974679882054113,0.2385724247207144,-0.33629895484559796,0.013311334457198806
BuLLDoG,DN SOOPers,mid,14.15,14,15,11,0,mid,-1.1309957715506438,0.24607288842752437,0.4874959910725569,-0.3184070110585898,0.39313792681919785,0.08015559173167221
Chovy,Gen.G,mid,14.15,14,15,9,0,mid,1.6925159325716859,-0.22688034667435023,1.3522891264354264,0.1682578247336855,-0.9799041518927932,-0.20367936063492495
Clozer,BNK FEARX,mid,14.15,14,15,10,0,mid,1.9754910711211318,0.5171927537745801,-0.8528182775804166,0.3476591712879824,-1.1918934445315152,-0.02837833533941047
FATE,HANJIN BRION,mid,14.15,14,15,8,0,mid,-0.8563392274944531,-0.15966613367125987,0.12269259670436498,0.4215004120696901,-0.24924939447376543,-0.0428099966519067
Faker,T1,mid,14.15,14,15,9,0,mid,0.2561289502569917,0.6657626288460317,-0.34146747095077756,0.535627495177198,-0.24190369562735242,0.10110830280907883
Fisher,Nongshim RedForce,mid,14.15,14,15,9,0,mid,-0.7174592634874633,-0.1046582186132979,0.4012781565363757,-0.8561891810110305,-0.47860725312663566,-0.28109403214120154
SeTab,DRX,mid,14.15,14,15,9,0,mid,-1.85095462811438,0.22162179887614405,0.07331530562171631,0.5220049846359035,-0.3860706017399557,-0.25372698314803116
ShowMaker,Dplus Kia,mid,14.15,14,15,10,0,mid,-0.00954905377018783,0.04228392234316957,0.9872854078618707,0.41178146332671894,0.06574794826653883,-0.11413418491891114
Zeka,Hanwha Life Esports,mid,14.15,14,15,8,0,mid,2.766924414484299,-0.9038751624514537,1.6119617361698166,0.04595045766933626,0.11435023587208888,-0.4108903162629318
Bdd,KT Rolster,mid,14.16,14,16,4,0,mid,0.9669627179349162,0.49024342244147506,-0.4829109713176192,0.3189613045689055,-0.05955831665778677,-0.5625775419590751
Chovy,Gen.G,mid,14.16,14,16,12,0,mid,2.96997575015928,0.3141529635466099,-0.3548204357946392,0.47139281974662545,-1.152839867798333,-0.3448924069602767
Clozer,BNK FEARX,mid,14.16,14,16,4,0,mid,0.35229048920350814,0.08839120164093764,0.757091386184295,0.7930699980337934,-0.653207131592029,-0.05259685820453452
Faker,T1,mid,14.16,14,16,15,0,mid,-0.9552568838495267,-0.6765478185640764,0.7047213484496698,1.126190076183992,-0.3285387280747065,-0.32465290505866107
ShowMaker,Dplus Kia,mid,14.16,14,16,11,0,mid,-1.4692747550689738,-0.29840787245782263,0.6921049276181966,-0.6319211386833984,-0.5261187019170596,-0.24880698981383947
Zeka,Hanwha Life Esports,mid,14.16,14,16,16,0,mid,0.45962036994639033,-0.39804077009218825,1.8824204151527033,0.5338452578097831,-0.5164566325691451,-0.7082996581839519
Bdd,KT Rolster,mid,15.01,15,1,24,0,mid,-1.2062190427868429,-0.7003786146809271,-0.05334874519536002,0.21838311086464848,0.13131982993054564,-0.16578227198900494
BuLLDoG,DN SOOPers,mid,15.01,15,1,18,0,mid,0.685290657879473,-0.7785080371283238,-1.0240951069184203,0.021191907770111252,0.1103717859413935,-0.07947948305998892
Calix,Nongshim RedForce,mid,15.01,15,1,11,0,mid,-1.5336578955578593,0.13199026664036992,-0.37593653545660627,0.03577038349362459,0.16770643409452374,-0.18230591634240778
Chovy,Gen.G,mid,15.01,15,1,18,0,mid,0.801581467270975,-0.40161148286870824,-0.6140321957063238,0.6580104716426675,0.1449525794790598,-0.27947614266739035
Clozer,HANJIN BRION,mid,15.01,15,1,19,0,mid,0.09544503327681839,-0.8300012631851583,0.19856803129117603,0.4639638771688117,0.27882851232537903,-0.183001114803247
Daystar,BNK FEARX,mid,15.01,15,1,8,0,mid,-2.7804386030679415,-1.075494733235776,-0.10061865414660048,-0.47379915305721343,0.41998021625930426,-0.26058211939803294
Faker,T1,mid,15.01,15,1,18,0,mid,-0.2986464166480884,-0.9817200063240115,-0.8121398443608485,0.11223815597204691,0.14919079697398824,0.21110834131223813
Fisher,Nongshim RedForce,mid,15.01,15,1,9,0,mid,-3.7738932334212176,-1.7024467501774645,-0.8865806439326935,-0.02669353761488466,0.10603447998942123,-0.05950814487191517
ShowMaker,Dplus Kia,mid,15.01,15,1,25,0,mid,-0.45616190451598143,-0.06519096473446671,-0.01346257219084019,-0.17878688550381444,0.5073380535469555,-0.24186167005688863
Ucal,DRX,mid,15.01,15,1,15,0,mid,-0.9017714386814076,-0.11061865930421177,-0.6065447091722947,0.0564408879577545,0.14250436966938432,-0.19704290651179912
VicLa,BNK FEARX,mid,15.01,15,1,13,0,mid,-2.2931505142474937,-1.0464057686832287,0.12782021097407403,-0.47301261556704516,0.049914744100223264,0.052951269335776985
Zeka,Hanwha Life Esports,mid,15.01,15,1,19,0,mid,1.0800035561163954,-0.352258929782427,-0.38374112736871696,0.4768395996914914,0.17291271362776087,-0.14837790260488742
kyeahoo,DRX,mid,15.01,15,1,5,0,mid,-2.1613989477031117,0.5124237400484275,-0.6331791974257047,0.5533136192520098,-0.1894705479452358,0.18186191146631947
Bdd,KT Rolster,mid,15.02,15,2,3,0,mid,1.8825126697827568,-1.585368194902664,-0.23357788696746712,0.24716324455810185,0.4289554984056076,-0.1623614212774747
BuLLDoG,DN SOOPers,mid,15.02,15,2,5,0,mid,-2.9563030231273224,0.3765772410643933,-0.6218309882683339,0.9446796231574593,-0.5792187573286364,0.08542603310370145
Chovy,Gen.G,mid,15.02,15,2,3,0,mid,0.5341271858973142,-1.036348554635164,-0.3868827702907997,-1.6820777990441507,0.24517383339405807,0.46190547837015683
Clozer,HANJIN BRION,mid,15.02,15,2,5,0,mid,3.0148296130081307,-2.704172547133307,-0.7928077391000261,0.8621965961115603,-0.46354657974538843,-0.11856735551724128
Faker,T1,mid,15.02,15,2,5,0,mid,-1.07311550240067,-1.825773857728823,0.17420472621058958,0.2325261974424931,0.1795569586296055,0.901181711578289
Fisher,Nongshim RedForce,mid,15.02,15,2,10,0,mid,-2.329511971531413,-1.719048614230009,0.7495070484225109,-0.6145515503842613,-0.28491688111922675,0.008024480481460828
ShowMaker,Dplus Kia,mid,15.02,15,2,3,0,mid,-5.421347841763422,-1.4170016493495756,0.9584025237657262,0.14389247839183325,-0.3532172338715463,-0.3841496633711097
Ucal,DRX,mid,15.02,15,2,10,0,mid,-1.8138284048718676,-1.4346119753747135,0.9950202292122658,0.02449825858679986,-0.7529985408538878,-0.012510770965833713
Zeka,Hanwha Life Esports,mid,15.02,15,2,4,0,mid,0.252989314190184,-2.0798316527042746,0.8389203925187352,-0.4166372660753507,-0.7975751168496978,-0.3045302868319885
Bdd,KT Rolster,mid,15.03,15,3,3,0,mid,-2.0837910371231754,-1.2560763942833353,-0.7923995909903275,-0.530493281945184,0.024287556445141467,-0.828952725991691
Chovy,Gen.G,mid,15.03,15,3,18,0,mid,1.4192765361050201,-1.37176371786151,-1.2859260709920868,0.12839560057447597,-0.329837344119544,-0.2143078346211047
Faker,T1,mid,15.03,15,3,5,0,mid,-1.9672820508405737,-0.7558803987615367,-0.49129736579320576,0.6545743704066569,-0.33533032805775187,-0.3600434429294523
Fisher,Nongshim RedForce,mid,15.03,15,3,12,0,mid,-1.1187205203592467,-1.5434145337673555,1.1539890013839615,0.46286104048086557,0.7038859827723739,0.1089479415655963
ShowMaker,Dplus Kia,mid,15.03,15,3,12,0,mid,-2.364901534618715,-0.41423558227113993,-0.9639470807586054,-0.6576454618120022,-0.2911847547169051,0.10599416204733386
Zeka,Hanwha Life Esports,mid,15.03,15,3,20,0,mid,-1.6908346629535773,-1.0234114812300255,0.5446872727975425,0.44560465249459635,0.20406926180312543,-0.1752476244102707
Bdd,KT Rolster,mid,15.06,15,6,5,0,mid,-2.3891672346901283,-1.0610439422860172,0.4736314231381612,0.21510015450477238,0.3383054149194536,0.15616202979764385
BuLLDoG,DN SOOPers,mid,15.06,15,6,4,0,mid,0.11576696988700026,0.030596330818932815,-0.7790196768780316,0.08810405895855139,-0.1288049262914973,-0.36114235695327274
Chovy,Gen.G,mid,15.06,15,6,5,0,mid,2.04656296359124,-0.3196202959011231,-0.6952768964997686,-0.3016370762308434,0.09717471990996374,-0.2751530950223605
Clozer,HANJIN BRION,mid,15.06,15,6,5,0,mid,2.185838987102667,-0.5359753151325127,-0.34751928648783775,-0.03302519790055,0.34338472016701793,-0.013968638472327658
Faker,T1,mid,15.06,15,6,5,0,mid,-2.7362483179875423,-0.026189642519315364,-0.08255884338344041,0.37540113707756395,-0.025032727934649064,0.1021521992487707
Fisher,Nongshim RedForce,mid,15.06,15,6,4,0,mid,-3.442240486291273,-0.4608935317301546,-0.4922744465765929,0.35118704058972466,0.1639218914197872,-0.29157170044537284
ShowMaker,Dplus Kia,mid,15.06,15,6,5,0,mid,0.7581946921664008,-1.3522950434957097,0.45646567538226934,0.3893588611951014,0.31738881558804705,0.07498224698007201
Ucal,DRX,mid,15.06,15,6,4,0,mid,2.028547339892646,-0.9450330423637927,1.2954022943608179,0.2605309718107809,0.7672336195255168,-0.06535656031361235
VicLa,BNK FEARX,mid,15.06,15,6,6,0,mid,-1.170256971664403,0.009109994464515051,-0.6682009752846501,-0.4797405507663388,-0.20081651795492597,-0.10055350264899124
Zeka,Hanwha Life Esports,mid,15.06,15,6,5,0,mid,-2.1855178092863397,-0.29682685124286534,-1.5223412522981135,0.14569155078305077,-0.1318551115466265,-0.038291627163253746
Bdd,KT Rolster,mid,15.07,15,7,10,0,mid,0.18656792121826576,-1.0426542989247396,-0.5092712582266129,0.8124828592893641,0.452313642463378,0.23240020759278945
BuLLDoG,DN SOOPers,mid,15.07,15,7,10,0,mid,-2.7915204619145686,-0.24618353551352312,-0.17454463262865574,-0.4807298923489099,0.25274845627874787,0.06253804864731483
Calix,Nongshim RedForce,mid,15.07,15,7,5,0,mid,-2.724639981443472,-0.5570822392412139,-0.01584183428089115,-0.6607471014961631,0.4169505279331043,0.08000265626278963
Chovy,Gen.G,mid,15.07,15,7,10,0,mid,3.0200177259050087,-0.6852324098245053,-0.6008284959297029,0.5222066781909424,0.28818259623925124,0.1107426013043838
Clozer,HANJIN BRION,mid,15.07,15,7,10,0,mid,-0.8463555290909284,-0.5015961307049697,-1.095522798000231,0.032988609130903276,0.40314694385375,0.08913050208504572
Faker,T1,mid,15.07,15,7,10,0,mid,0.599286058895946,0.20188898835342264,-1.413870145295389,-0.33340002643092387,0.22880009369845283,-0.06840413075138457
Fisher,Nongshim RedForce,mid,15.07,15,7,5,0,mid,-1.7603094069335505,0.8215822516414584,-0.09841948700585777,0.29741230148287406,0.2574826537102619,-0.48942404058085714
ShowMaker,Dplus Kia,mid,15.07,15,7,10,0,mid,-1.6790838522911293,0.2923006765617909,0.30562951279285433,0.08107607691073528,0.1765156636142967,-0.04791901574827228
Ucal,DRX,mid,15.07,15,7,10,0,mid,0.7915113739562886,-0.20595866368533686,-0.40021895702908783,0.3512812913991676,-0.022649556537924314,-0.20272552452878773
VicLa,BNK FEARX,mid,15.07,15,7,11,0,mid,-2.126385865361703,0.28542113900537475,-0.257194748983303,-0.6310775487949307,-0.023467637511548605,-0.1498297619239908
Zeka,Hanwha Life Esports,mid,15.07,15,7,9,0,mid,1.0602426574439419,-1.6724115626885248,0.5102977850550717,-0.04140179767773042,0.45836621341263384,0.1489619103417907
Bdd,KT Rolster,mid,15.08,15,8,8,0,mid,-1.6160215010744718,-1.766416464392619,0.21350492268157867,0.06066966839262022,0.08996686377086477,-0.276086774001202
Calix,Nongshim RedForce,mid,15.08,15,8,9,0,mid,-0.6091730333279934,-1.0487224303003901,1.2553792334089688,0.809983215996042,-0.06873809036494312,-0.1293589368292914
Chovy,Gen.G,mid,15.08,15,8,8,0,mid,2.520539753018395,-1.9166038995001036,0.44557453636623484,-0.508325174583409,0.043563643240672245,-0.37313893264738335
Clozer,HANJIN BRION,mid,15.08,15,8,11,0,mid,0.2477074823790615,-0.7102430091822586,-0.30337930451739603,0.18313058012695993,0.3379904872997933,0.2456265290659148
Faker,T1,mid,15.08,15,8,10,0,mid,-1.1466025977856562,-1.1624522272708189,-0.6420094514387872,-0.4898819361840961,0.11814808228333179,-0.05091454644846257
Pungyeon,DN SOOPers,mid,15.08,15,8,10,0,mid,-3.4763121060607354,0.15469336830042263,-0.024625304581691914,1.2473582230206894,0.2624581687937822,0.14461998480139274
ShowMaker,Dplus Kia,mid,15.08,15,8,11,0,mid,-1.4692825384364634,-0.5113649807361872,-0.38683967491651816,-0.568478960748002,-0.28441862257924727,0.007298669675350835
Ucal,DRX,mid,15.08,15,8,9,0,mid,-1.6347544800696108,-0.003494261335382743,-0.3694095843392806,0.44647834082952653,-0.33844441285366983,0.05377400184525632
VicLa,BNK FEARX,mid,15.08,15,8,9,0,mid,-1.00401944927237,-0.5892477588790995,-0.6950946055505064,-0.19249052023981728,-0.4417504368630906,-0.14305112958374622
Zeka,Hanwha Life Esports,mid,15.08,15,8,9,0,mid,1.0952692547544733,-2.29573400034546,-0.1279839146500404,-0.3795118922084224,-0.27364816354229876,0.02469873733072881
Bdd,KT Rolster,mid,15.09,15,9,10,0,mid,-2.1820548832879507,-0.26857086613442505,0.1016891632282741,-0.27136425644906953,0.3251654323294482,-0.4002757574906335
BuLLDoG,DN SOOPers,mid,15.09,15,9,9,0,mid,-0.5176743348007683,0.8407503512293583,-1.0038983294764108,-0.5727970164944469,0.33350619363462247,-0.23147803123689387
Calix,Nongshim RedForce,mid,15.09,15,9,11,0,mid,1.2972308604751932,-0.6391443105745203,-0.6961365511033274,-0.19945140917844012,0.26151772290995884,0.006413095459462447
Chovy,Gen.G,mid,15.09,15,9,8,0,mid,1.8794502714411128,-0.3516156841985217,0.0017118181136650383,0.3784429290526643,0.47188010881760123,-0.19555716866723652
Clozer,HANJIN BRION,mid,15.09,15,9,11,0,mid,0.6393711694863237,-1.7043027053555793,-1.235025242711601,0.1666864672147864,-0.038913409816658785,0.025442919988437365
Faker,T1,mid,15.09,15,9,9,0,mid,-1.5821414995911758,-1.4275962229690626,-0.3379004441058075,-0.26325607296624154,-0.037809915872107885,-0.4789009161670514
ShowMaker,Dplus Kia,mid,15.09,15,9,9,0,mid,-1.0503344268262251,-1.1440156578077865,-0.36461896672594263,0.5940212413970962,-0.0752054343341799,-0.2775014986112182
Ucal,DRX,mid,15.09,15,9,10,0,mid,-1.9527444734258612,-0.9677248297484998,-0.21337754165407433,0.8577743842836245,-0.22395222859017772,0.00912763405789539
VicLa,BNK FEARX,mid,15.09,15,9,10,0,mid,-3.6977917328763192,-0.7066181506281037,0.31819491121000926,0.2533252780973265,0.18903791653566526,-0.0666782321647939
Zeka,Hanwha Life Esports,mid,15.09,15,9,9,0,mid,-0.1100206546850977,-1.0665059698812926,0.463043309221137,0.5991140918158439,0.29938591458297326,0.13865830466393927
Bdd,KT Rolster,mid,15.11,15,11,10,0,mid,2.212301993186222,-1.0998095592655992,0.49857179231033494,0.3835774664208325,-0.03137827138757328,0.2844553793518237
Calix,Nongshim RedForce,mid,15.11,15,11,3,0,mid,-1.8429586154373891,0.1124681114554736,-0.9272556583944649,-0.09533948788385291,-1.2697904176825114,0.19856656842416287
Chovy,Gen.G,mid,15.11,15,11,5,0,mid,1.2311080550709301,-2.0250324586955837,-0.06137076607562428,0.202351134566927,-0.43561837702194084,-0.02507300590080028
Faker,T1,mid,15.11,15,11,7,0,mid,-4.09307561304742,-0.6454771693644269,1.0940809590369378,-0.42292518623659175,0.1850869295278747,-0.00667825935239091
ShowMaker,Dplus Kia,mid,15.11,15,11,3,0,mid,-1.9407333957608375,0.34677651697885437,-0.9130043149183295,-1.429688661553632,-0.2988240305824593,-0.3237335723062448
Zeka,Hanwha Life Esports,mid,15.11,15,11,8,0,mid,-1.7695858750415776,-1.579138561209166,-0.31123554946475224,0.25815414021951366,-0.24042072545465107,-0.004503455079349402
Bdd,KT Rolster,mid,15.14,15,14,8,0,mid,0.30339472596021066,-0.786930510402563,-0.05354911792033161,0.8044149738861045,0.3248355192430715,-0.002377941713228454
BuLLDoG,DN SOOPers,mid,15.14,15,14,9,0,mid,0.7154320414021138,-0.047308507632549984,-0.7436982097710668,0.45129565609035743,-0.05295902281797963,-0.08713920891606955
Calix,Nongshim RedForce,mid,15.14,15,14,8,0,mid,-1.7711143057342809,-0.46148523005767034,-0.9469861637556397,-0.6010985818785158,-0.31233279249091855,-0.1667359006631494
Chovy,Gen.G,mid,15.14,15,14,9,0,mid,3.139157933444498,-1.1267929232873053,-0.5341551082748156,0.8643208993571236,-0.09181674975934531,-0.09603745286752229
Clozer,HANJIN BRION,mid,15.14,15,14,10,0,mid,-0.17413327385368949,0.686709644459502,0.12919134587629771,0.25190104099071403,0.5286430520536943,-0.3245309601075995
Faker,T1,mid,15.14,15,14,9,0,mid,-3.060116070761015,-0.9365851583354832,0.6265820888328654,-0.5649909751279074,0.21315368891287909,-0.3491765244444541
ShowMaker,Dplus Kia,mid,15.14,15,14,10,0,mid,1.3838142701290406,0.26412777962693373,0.45279479017575913,0.04148479335014013,0.09721306867468157,-0.26790575141814676
VicLa,BNK FEARX,mid,15.14,15,14,9,0,mid,-2.8025546962167303,-0.3119052533459797,-0.15010376643750414,-0.03927834216593574,0.05502377947105169,-0.0012896855374161372
Zeka,Hanwha Life Esports,mid,15.14,15,14,8,0,mid,-2.3695879791250443,-0.9052479001805893,0.16876551697439016,0.4474021195892206,-0.16249706347299545,-0.21386698722096326
kyeahoo,DRX,mid,15.14,15,14,12,0,mid,0.6974283927666491,0.04599548979028944,-0.7061404199405307,0.20040633371309016,0.25400846552091316,-0.21113632694761983
Bdd,KT Rolster,mid,15.15,15,15,9,0,mid,-0.8244887149273048,-0.22721033385633663,-0.6871528781937459,0.13422489677926677,0.15853627334227394,-0.2887259347761404
BuLLDoG,DN SOOPers,mid,15.15,15,15,11,0,mid,-1.0627587382448271,-1.3774688199971665,-0.773298420728134,-0.8254896473791852,0.31328539486597806,-0.1452129417513657
Calix,Nongshim RedForce,mid,15.15,15,15,9,0,mid,0.3780034830495659,0.04440720431169806,-0.944737517200729,-0.20309435564209644,-0.13094060987686015,0.12648248408890334
Chovy,Gen.G,mid,15.15,15,15,10,0,mid,3.638977827345151,-0.5408630781624063,-0.2534301098231784,0.4799067341347267,0.41550040206697864,-0.25613069525016013
Clozer,HANJIN BRION,mid,15.15,15,15,10,0,mid,-2.404747220395572,-0.5306096833848226,-0.6620690148677137,0.6909789200287108,0.40300753684974533,0.11220047393863483
Faker,T1,mid,15.15,15,15,9,0,mid,-2.196279401518612,-0.6605514218348,0.16080111339062397,0.1991330129195597,0.37064156276143917,-0.2742372750469433
ShowMaker,Dplus Kia,mid,15.15,15,15,8,0,mid,-1.0956195534914956,-1.581550510137832,-0.3864288375187506,-0.11861667936278292,0.14932278823320327,-0.04968319128206514
VicLa,BNK FEARX,mid,15.15,15,15,10,0,mid,-0.590054068265619,-1.2346365512743342,-0.5392787572018624,0.6710246404265815,0.3287661823619052,0.014741392913440562
Zeka,Hanwha Life Esports,mid,15.15,15,15,9,0,mid,-3.1344399804227554,0.3129062685142834,-0.12580835017092104,0.10840853418279386,0.4423122954451314,-0.07687086936197825
kyeahoo,DRX,mid,15.15,15,15,11,0,mid,-0.9789400425400587,-0.9764300289045831,-0.8085922092508226,-0.15807863822454257,0.497922523900601,-0.10235532368001296
Bdd,KT Rolster,mid,15.16,15,16,9,0,mid,0.5481319950723109,-1.0824448271330829,0.6206339214145511,0.5943388565416632,0.3481478491641829,0.3859638571512705
BuLLDoG,DN SOOPers,mid,15.16,15,16,10,0,mid,-0.8594709169975654,-0.3299488042605357,-0.7403157478669722,0.37077894138568507,0.7067822182427077,-0.10435859892922662
Calix,Nongshim RedForce,mid,15.16,15,16,9,0,mid,0.7652665484795892,-0.40301852999592097,-0.4819519427215274,-0.16229732821664666,-0.028465206794792614,-0.12643682974791554
Chovy,Gen.G,mid,15.16,15,16,10,0,mid,2.1733454970474124,0.24006479097491254,-0.9803231872160602,0.20374383234752802,-0.3217024260498013,-0.47639914848056136
Clozer,HANJIN BRION,mid,15.16,15,16,11,0,mid,-2.0187875765579983,0.07345502231961083,-0.9600803363614028,0.45268782793269785,0.3266656879964984,0.02441346211936453
Faker,T1,mid,15.16,15,16,11,0,mid,-2.2622524108868514,-0.2670541146162179,0.598567346311707,0.27869962204619975,-0.0025192350824247644,-0.08509429565599093
ShowMaker,Dplus Kia,mid,15.16,15,16,10,0,mid,1.1234035247866385,-1.5001862579867056,-0.09973756880656091,-0.18319089094990174,0.3982898945669977,-0.08484125074530544
VicLa,BNK FEARX,mid,15.16,15,16,10,0,mid,-1.7016230964026091,-1.3406353623481295,-0.49589119239544543,-0.2989223073765926,0.14368901353558589,0.07256949876613168
Zeka,Hanwha Life Esports,mid,15.16,15,16,11,0,mid,-2.3064083520746914,-0.48392119776122183,-0.37080058729162907,-0.2580137371597923,0.2502684209222407,-0.19127428726389278
kyeahoo,DRX,mid,15.16,15,16,11,0,mid,-0.9231698586943289,-0.6129663205283999,-0.8566931163744207,-0.16492172985961936,0.4076065828269331,-0.14039002053574828
Bdd,KT Rolster,mid,15.17,15,17,15,0,mid,-2.3968281351520395,-0.7082096539022414,0.11406818356258173,0.5235912256560871,-0.17214732577623862,0.0018861914126557429
Calix,Nongshim RedForce,mid,15.17,15,17,12,0,mid,-0.7238951884343359,-0.8257337434881554,-0.4232777287443672,-0.5516720163211574,-0.2375444683985498,-0.056028203296748826
Chovy,Gen.G,mid,15.17,15,17,17,0,mid,2.288825800400954,-1.1336988779297312,-0.9632580920144864,0.5732781104250375,-0.22628702715613339,-0.029298365053875782
Clozer,HANJIN BRION,mid,15.17,15,17,9,0,mid,-1.7923868175684754,-0.06977476355069417,-0.5813021033501906,-0.07510812992924855,0.3110107261955612,-0.06175926579734072
Faker,T1,mid,15.17,15,17,17,0,mid,-1.6656943092341767,0.06607690904644774,-0.005024549368319696,0.3881811575716304,0.028509588012717503,-0.018278156340961842
ShowMaker,Dplus Kia,mid,15.17,15,17,25,0,mid,-0.06680322178313632,-0.7122120225010455,0.18445963682556,-0.051367222057179245,0.04801183134915562,-0.06836983171619643
VicLa,BNK FEARX,mid,15.17,15,17,17,0,mid,-0.9720545921102721,-0.8066342232120518,0.24539005574223563,-0.0736720136654708,-0.17064969715576467,0.023661536389419667
Zeka,Hanwha Life Esports,mid,15.17,15,17,10,0,mid,-0.03851079607495746,-1.6099276235041788,0.9197135568454037,-0.5344988485069254,0.247619268366731,-0.2579097491570785
Bdd,KT Rolster,mid,16.01,16,1,10,0,mid,0.4692660686345402,1.725800288304279,-0.18959314281362016,0.4162813301542985,0.28718117574301116,0.2332684718970313
Chovy,Gen.G,mid,16.01,16,1,8,0,mid,4.394189647982812,0.9752338441885889,0.9702376271072424,-0.056094899952959174,0.1423086525971544,-0.30317145068957574
Clozer,DN SOOPers,mid,16.01,16,1,11,0,mid,2.0936501110472387,1.3794156514752038,-0.7364527353692923,0.12221267036629484,0.13631125027958071,-0.09022575309876053
Faker,T1,mid,16.01,16,1,11,0,mid,0.10231537119690515,0.9557575375642341,0.5223977811317757,-0.1469873853422577,-0.06870143138489486,0.022879061464336898
Roamer,HANJIN BRION,mid,16.01,16,1,11,0,mid,-2.09757523742494,2.565106176228067,0.2953971758747293,0.24051229984004163,-0.09105582335028592,0.08561117949231985
Scout,Nongshim RedForce,mid,16.01,16,1,10,0,mid,2.789971283491789,1.245138563343996,0.7830899025567851,-0.005962367576216505,-0.7545587210057679,0.2880581785005092
ShowMaker,Dplus Kia,mid,16.01,16,1,9,0,mid,4.871173155277281,1.0627696508718965,1.2286717015021105,-0.9730396152195823,-0.0536331400808982,0.04305344717637958
Ucal,Kiwoom DRX,mid,16.01,16,1,11,0,mid,-1.1402480470530494,1.9284882430076298,-0.002399990770786494,0.6195573869096462,-0.33629962147941256,-0.001341834788922554
VicLa,BNK FEARX,mid,16.01,16,1,10,0,mid,3.6092221521297683,1.4460947548185967,0.43305958040722115,-0.6835322845712128,-0.10282100424233433,-0.3513548100900231
Zeka,Hanwha Life Esports,mid,16.01,16,1,11,0,mid,0.35833160793565577,0.5856471213163137,0.9325510119325444,0.339908820178038,-0.10499288689578035,0.04019377622434253
Bdd,KT Rolster,mid,16.02,16,2,7,0,mid,3.04531909708566,0.48015500625932306,-0.4590023221783101,0.01021281460888636,0.8130054071232659,0.12961973864752874
Chovy,Gen.G,mid,16.02,16,2,3,0,mid,-0.42897287887076613,2.0512603466614427,0.2870916752793578,0.06669390202199908,-0.15347352460829825,-0.0022760713874800794
Clozer,DN SOOPers,mid,16.02,16,2,9,0,mid,-0.17901563621533964,1.602315268898322,-0.4856304364490524,0.5959203260120948,0.4974713152935206,0.16684782350950272
Faker,T1,mid,16.02,16,2,3,0,mid,-2.641999176765075,1.9943184784428718,1.3757418244218265,0.050689739476990174,0.09871442291422627,-0.10735657119462272
Roamer,HANJIN BRION,mid,16.02,16,2,8,0,mid,1.225414125402964,1.4805482333685809,-0.06518244439449898,0.36614703035035345,0.21087020106261348,-0.42619306878712565
Scout,Nongshim RedForce,mid,16.02,16,2,11,0,mid,0.28258788739320384,1.196838621495599,-0.19946338805278813,-0.4923505114723708,0.26786181509438917,-0.03623889904387231
ShowMaker,Dplus Kia,mid,16.02,16,2,5,0,mid,7.303453202326806,-0.5667332882800583,1.1792477728876514,-0.33901234467904706,-0.8493081115974184,-0.1588634487166694
Ucal,Kiwoom DRX,mid,16.02,16,2,13,0,mid,-0.8312459580317331,1.3711009851993656,0.5581287664325818,0.39679566027304347,-0.22573550746898363,-0.14290880122554148
VicLa,BNK FEARX,mid,16.02,16,2,4,0,mid,1.7598978580428897,0.743675190183368,-0.8951799334471782,-0.6398471968544946,-0.2552522590553196,0.03807832120699671
Zeka,Hanwha Life Esports,mid,16.02,16,2,3,0,mid,3.3793037212037427,1.0706149740319202,0.40710290361789725,-0.008998633169555634,0.06696051048199181,-0.0435119665774139
Chovy,Gen.G,mid,16.03,16,3,11,0,mid,4.602359502498464,1.0664857205706562,-0.2658890153834051,-0.3648505559983833,0.29239103553150664,0.23157531721911814
Clozer,DN SOOPers,mid,16.03,16,3,13,0,mid,-0.07744273521920537,0.5948283456971268,0.09254542150763768,-0.1476259065673521,0.1959133639894366,0.2641434515462679
Faker,T1,mid,16.03,16,3,9,0,mid,-0.5672789282813877,-0.15473888808938407,0.276156225882304,-0.5631531301062661,-0.15324452611064163,0.6495793930303727
ShowMaker,Dplus Kia,mid,16.03,16,3,21,0,mid,0.17824212855905966,0.0996835091712587,-0.12698081431801156,-0.06029372076202232,0.17426861336413055,0.3875179413352888
Ucal,Kiwoom DRX,mid,16.03,16,3,9,0,mid,-1.0680138469035818,2.2308195945296596,-0.19679569554835122,-0.3867935900943759,-0.20451906274980752,-0.23047137182224806
VicLa,BNK FEARX,mid,16.03,16,3,19,0,mid,0.5977915628202909,1.0390390944872083,0.24274764737257695,-0.351166845254173,0.11961507773740854,0.29402181259904075
Bdd,KT Rolster,mid,16.06,16,6,5,0,mid,0.11722993242707348,0.9531131874789169,0.10679542412975362,-0.05683792326777376,0.3705284597066142,0.45818227098931863
Chovy,Gen.G,mid,16.06,16,6,5,0,mid,2.5750622032060666,0.9922288394225045,-0.18294028061366782,-0.21745650684221657,0.3035111096975503,0.29344394314060573
Clozer,DN SOOPers,mid,16.06,16,6,4,0,mid,0.28708061572312216,0.07938411333717221,0.24141842941214053,-0.13642363727468332,0.29870673906930967,-0.24238254790482777
Faker,T1,mid,16.06,16,6,4,0,mid,-0.5323589649773084,0.5195346583439137,-0.37880979195332404,-0.33450894884928783,0.24716297894574074,0.1295610830396367
Loki,HANJIN BRION,mid,16.06,16,6,4,0,mid,-3.4845404723909024,2.6547805091571024,1.2281325458328811,0.7628917733965409,-0.49301521329967074,-0.18266425383482957
Scout,Nongshim RedForce,mid,16.06,16,6,4,0,mid,4.769790548900958,-1.7594251217308834,-1.0395369356554174,0.03849967474705811,-0.36253560006303576,0.4052332998580189
ShowMaker,Dplus Kia,mid,16.06,16,6,4,0,mid,-4.68831585115175,1.6129250113079177,0.8161920321196235,1.1741102735599234,0.23373542132137684,0.23560808902724778
Ucal,Kiwoom DRX,mid,16.06,16,6,4,0,mid,0.9176538726657831,1.6682464872862226,-0.2929301774752038,-0.6135079320514997,0.2836418070242361,-0.8553559818358493
VicLa,BNK FEARX,mid,16.06,16,6,4,0,mid,3.295103016175966,1.7970638288476417,-1.105176777280767,0.8724989097509344,-0.14175506101999338,-0.15878168871295084
Zeka,Hanwha Life Esports,mid,16.06,16,6,4,0,mid,3.604234693022971,-0.3902207320537725,1.1541752097030384,-1.332051393323009,-0.05193353395315186,-0.3194710813599042
Bdd,KT Rolster,mid,16.07,16,7,9,0,mid,4.437630681894772,0.5450066688853783,0.35170306705032345,0.07366508852907097,0.19210309701114242,0.27122506397649965
Chovy,Gen.G,mid,16.07,16,7,8,0,mid,3.9647295719170814,-0.06168721739689344,-2.3628658310639623,0.48738247713493627,-0.26958657702098016,0.22396173071849126
Clozer,DN SOOPers,mid,16.07,16,7,7,0,mid,-0.7320344164546504,2.3829587307924256,-0.3958668342314032,0.6955955223630826,-0.4190086549519779,0.012609013560106531
Daystar,BNK FEARX,mid,16.07,16,7,6,0,mid,-1.1968954113936379,2.3617423246958773,0.31171316094843543,0.034411191857984996,-0.2921117427153908,-0.12831756266374664
Faker,T1,mid,16.07,16,7,8,0,mid,-0.12945227408507376,0.17456702818079298,0.47745374558221365,0.14641102855947602,-0.1419108476608833,-0.12102858272540407
Loki,HANJIN BRION,mid,16.07,16,7,10,0,mid,-2.6066660266126043,1.7444724073592874,-0.08272160043239128,-0.15337308313254558,0.0576348311210016,-0.048626704068756264
Scout,Nongshim RedForce,mid,16.07,16,7,9,0,mid,2.714429195707407,0.3243377317432684,-0.69897149210796,-0.41303791894703007,0.1463912463659543,0.15273169418801086
ShowMaker,Dplus Kia,mid,16.07,16,7,10,0,mid,-1.3412305632864303,0.6874800497358915,1.145540131176574,-0.34620817756629013,0.36523540265916593,-0.21921821100775096
Ucal,Kiwoom DRX,mid,16.07,16,7,9,0,mid,1.7183487495952445,1.7717286584790313,0.8274192281492689,0.7662673224023011,0.27219572919546414,-0.33061437427887536
VicLa,BNK FEARX,mid,16.07,16,7,3,0,mid,1.1391066239786347,1.3277895308723704,0.8661615875888921,1.5057054544686357,-0.9404345365036741,-0.29209897126768236
Zeka,Hanwha Life Esports,mid,16.07,16,7,9,0,mid,2.0670231983817002,0.17145113494571854,1.6657729122725535,-0.7133846903223663,0.08677596464046244,-0.4380051436538949
Bdd,KT Rolster,mid,16.08,16,8,8,0,mid,4.33657124086802,-0.04546709013654523,0.061255892288552306,-0.6869190363607534,0.6026319849013008,0.15966602482400852
Chovy,Gen.G,mid,16.08,16,8,10,0,mid,2.7967713521953774,0.7949094398355827,-0.14687901872665382,0.6080806465417217,0.3321163048509794,-0.02436790616999016
Clozer,DN SOOPers,mid,16.08,16,8,8,0,mid,1.0099427880698706,1.0696912365340825,-0.655358899614725,0.21380307803886456,0.08018244410762491,0.18009284576781795
Daystar,BNK FEARX,mid,16.08,16,8,4,0,mid,-0.8578556599759648,1.4536229285556572,0.3841189381040413,-1.0402163335719472,-0.39115645427984524,0.31884393513870657
Faker,T1,mid,16.08,16,8,9,0,mid,-2.4633927320068385,0.039538538672932624,0.628689001035247,0.8661222713879784,-0.35166941558855236,1.129570214156313
Roamer,HANJIN BRION,mid,16.08,16,8,6,0,mid,-2.95073474230449,0.39197665719843333,-0.1885534704074902,-0.971379505127909,0.4106417140711619,0.11879523345475146
Scout,Nongshim RedForce,mid,16.08,16,8,9,0,mid,-0.05641223039274269,-0.08226019368873655,-0.9466786864536806,-0.7141900298071152,-0.6164539639104987,0.20939853344335127
ShowMaker,Dplus Kia,mid,16.08,16,8,9,0,mid,1.9104012159614097,1.1118733879124216,1.9899394388697,-0.38025577410070954,0.48070220607139846,-0.1885705427921527
Ucal,Kiwoom DRX,mid,16.08,16,8,9,0,mid,2.017044466094191,0.9501490046129583,0.35999393061663093,-0.6410427068355641,0.201358914145289,-0.41706534573385734
VicLa,BNK FEARX,mid,16.08,16,8,4,0,mid,-0.38362396730083287,0.7993185137415809,-0.6792753061081209,0.10568761106524686,-0.5356570010685752,0.7079751716204915
Zeka,Hanwha Life Esports,mid,16.08,16,8,10,0,mid,-0.6483691014463315,0.14607294670926452,0.3905956594543514,-0.099528568332095,-0.2637954858788258,0.30604923807502216
