playername,patch,CurrentSkill,PC1,PC2,PC3,PC4
Chovy,16.06,100.0,9.433823308662925,-0.6739334316845204,7.151730707417127,-3.171720899656311
Chovy,15.16,98.76695695266096,7.918990123147058,2.546032011462955,1.9586740657292576,3.485380725103543
Chovy,15.19,82.4441876349463,8.080316151756106,1.4965238644250485,-2.303895887903483,0.9267671896162538
Chovy,16.09,81.14887978143892,4.776845160370732,1.6860485315598703,4.297400310963679,0.512183340788469
Zeka,14.22,80.37269498614637,10.493598336674117,-5.33617772438516,0.3447085815386621,-0.3566944415535563
Chovy,16.07,78.75309370069675,3.979994155551603,4.079490966648235,2.735004075562512,-0.2358273876459158
Quad,15.04,77.96858873741539,6.8190408058852805,-2.156963843691638,2.8556987571688857,0.7793274496254663
ShowMaker,14.12,75.84127895495456,6.441317660443346,0.1107143418932781,-0.4982283261476564,1.839195739674113
Zeka,16.08,72.03092571535232,7.67595807371623,-1.3117638115071395,-0.6882814366321455,-1.9374855737695391
Chovy,15.18,71.95570327752057,6.0296877993274665,0.6600080073509268,-1.2791023456187394,0.9335439571395336
Chovy,16.04,71.15258200925268,3.774363991681504,5.567143121210592,-1.3415990795678985,-0.7691569092621567
Chovy,16.03,70.92558852916898,4.408457346238908,3.970562837919389,-0.644908842846937,-1.2615514073371974
Chovy,16.02,68.85478049561488,3.623623884691319,2.30820677310743,2.394626932508411,-1.7275740360400331
Chovy,16.01,67.92645135674796,3.7184515404900735,2.6807798073393982,1.0814694404608225,-1.2604878066546572
FATE,14.22,67.38408058710932,4.949248733274337,0.3314283449140568,-0.2937592634593752,0.6537134629240133
Chovy,15.01,67.29466856483856,3.744251053537214,0.644280156931422,2.6278984462980057,-0.4995624295421839
Faker,16.02,67.12246980785551,2.843001794402912,4.005343889489411,0.1484741241307995,0.2425124584509382
ShowMaker,14.13,66.29668293550583,6.203754208938515,-1.9034535094323448,-1.1199739497428045,1.0600888814222784
Zeka,14.16,65.4418409728424,7.777718472677404,-4.03861669842597,1.1970720544346936,-4.595086292969278
ShowMaker,14.16,65.40913315546825,6.334702343165519,1.3951088050651874,-4.75658191921971,-0.2183293025388866
BuLLDoG,16.03,65.35890618153539,2.381117429257616,3.5402711779798266,1.597622919617812,-0.7830422422208009
FATE,15.21,65.19236662124675,2.0171381922412337,1.5606186440509786,2.3430102142813856,2.7579053130173947
Zeka,16.07,65.13612248204915,6.400542134795571,-1.9105031643371733,-0.6676349305213373,-1.0612193537184629
Chovy,16.08,64.86069727290828,3.04833745911845,3.787668171336424,-0.048911774764457,-1.219256555827854
Zeka,16.11,64.13874359488926,7.726163092824818,-2.554157689066914,-1.782426847725754,-3.269882234836709
Chovy,15.11,62.9147262131838,1.8531399809191536,0.8282784381111866,3.413123683982509,1.4721761362927528
SeTab,16.09,62.655989000780416,0.9343503553960808,2.53422158219137,3.657587235738485,0.9299121904510952
Faker,15.24,62.6338250018359,3.394388165452788,0.7582582924044613,0.4230825693355126,0.9140682505445268
Loki,16.07,62.57654267807573,4.00403157670596,1.632894175112505,-1.6697524635486516,0.524547929277524
Fisher,16.11,62.53122562865917,3.4781428798377005,1.1732777323263692,-0.5948682818560778,1.41440221238167
Scout,16.11,62.47321034920227,5.897618129340156,-2.416624391735636,-0.7120940305148332,-0.1063970543774175
Loki,16.08,62.36964458769438,3.2543587200499338,2.687884031578565,-0.5373237500890878,-0.7733810077882545
SeTab,16.08,62.35403269350299,1.5861958914911911,3.1193536966898923,1.6502980362318445,0.6289150633746626
Bdd,14.12,62.31677871042395,5.492849736663548,-3.333310251923579,1.0984913691734564,-0.0280276643828516
SeTab,16.06,61.777870631441544,0.7092880843759368,4.622457601356313,1.041455340150153,1.450586455343543
Faker,16.05,61.592554415105155,2.566066798439758,3.2010520988912314,-0.1109077768549847,-0.554820262472686
SeTab,15.15,60.24876879529606,0.6159174896708254,3.326823476476028,1.2186873122381985,2.842438436962184
Ucal,15.09,60.11545720959727,1.8175915480388132,-0.8237412053251173,2.879273529468452,3.6080473461879383
Loki,15.24,59.994188955750566,2.363287317399099,1.3721045227139996,0.7327120735000157,1.080015730972032
Zeka,16.03,59.38276563022968,3.5725922795484863,1.2746345628208873,-0.1207413794277159,-1.886768682272327
Ucal,15.21,59.037471783155794,7.012988698096427,-5.618345853586807,1.7415336173271296,-4.171364294551622
BuLLDoG,16.11,58.922903809755425,1.3057200746158804,2.8032284949163992,0.543940461492192,1.6590353692452635
Faker,16.07,58.08197422202621,1.5694372184928702,2.5093485258059847,0.3304444486202293,1.0890275391678703
Fisher,16.08,57.798580459419455,2.2053972702987967,2.81609995024536,-1.9953214970420017,1.860757838205749
SeTab,16.02,57.57790369299873,0.020609650444033,4.992380742569501,0.7418043562460253,0.8445571975865599
Zeka,16.02,57.50192237901992,2.531027497087864,1.5492094627532094,0.0486282151947939,-0.3544907842046176
Fisher,16.02,56.92058689934946,2.3063437616721667,2.7387402464569544,-0.7950488371767351,-0.8029921761282427
kyeahoo,15.01,56.785948722151076,1.4087831203001846,-0.1566688333509879,3.274845735029599,0.9880425459561
Fisher,14.02,56.75859794548017,5.068409662929703,-0.7857736704069903,-2.576137700476726,-1.0476994671633189
Karis,16.02,56.56182224692479,1.1033816977997193,2.1607627454938974,2.0326884449866074,-0.3739712122558027
SeTab,16.05,56.25747059421019,-0.0011433464705928,3.905478730521682,1.7892223498178363,0.3804906393886317
Karis,16.08,56.163911550882574,0.5450380748966891,3.355848731231458,0.9066307250205948,0.8602051191646107
BuLLDoG,16.06,55.95442292335696,0.9558036364496992,2.7971381320363933,1.185209050148894,-0.0903622974556116
Loki,16.02,55.931372825838295,2.435229665109475,1.982938911029304,-0.5488996433503385,-0.8993873694459267
BuLLDoG,16.02,55.89342494567748,0.8335550700740496,3.167547438021488,0.5561339481299912,0.6021251548707395
ShowMaker,16.06,55.77357691906555,2.108414868823928,-0.0168681610915773,2.63504901227602,-1.2833858143273036
BuLLDoG,16.08,55.7725572413313,0.8971935153626439,2.326487723872265,2.4459072889004374,-1.1424815376572173
ShowMaker,16.02,55.560821560378315,1.536884764499331,1.4853068138709231,1.6905355624510292,-0.7273012772344876
SeTab,16.04,55.49779420201264,0.1022613885158685,2.7760424134356865,2.491241997199025,0.4797228816966605
Loki,16.09,55.47450951987839,1.1947314718419502,3.5164602124955144,-0.4824083968419311,0.1105825881762193
Chovy,15.08,55.29415597134367,0.984237499657268,2.523660269796703,-0.1470598845119419,1.978445242956033
Bdd,14.14,55.17151290622512,0.7221809667322961,1.023125597411262,1.419324065477286,3.0404423647367067
SeTab,16.01,54.838951949648624,-0.488163161518559,4.680942290211895,0.937856606936634,1.037433204261078
Bdd,14.13,54.832633599240225,2.61242046322279,-1.848128845827068,1.575708062401188,1.3913311670157178
Ucal,15.16,54.32988545701028,2.8573195977145387,-1.0343379568316802,-0.1890764076218544,1.5388339259227413
Loki,16.06,54.22142076769314,1.7527882296838495,2.013740798623556,-0.4212562651087638,0.0377885683596208
ShowMaker,15.02,54.0711427292797,2.988159705268998,-0.2385004377930939,-0.9089927169791724,0.6176021362696344
Quad,14.23,54.05371871089343,3.0280638043574046,0.1893611376978916,-1.4399475880262247,0.5312383056357268
ShowMaker,16.11,53.81728705979562,2.488600859090889,0.7118912806550091,0.2222503984872401,-1.3651058122732491
SeTab,15.24,53.7444985369523,0.1972916654837417,1.3540543797714646,2.1079052838403163,2.200751170393999
Faker,16.06,53.68000331586481,1.5246501730536546,2.388298263564673,0.2799174478854236,-1.3276532684279367
ShowMaker,15.01,53.61698051004704,6.167871932426348,-5.167742098168616,-3.1316244825190176,2.0149777757781955
Roamer,16.11,53.40941314148228,2.850744263177246,-0.1549076221945307,-0.9299610383783912,0.5326190456111874
Karis,15.23,53.369608323473955,0.8211610523421592,0.6607651173790715,2.340447846723344,0.7384813252520452
Karis,15.17,53.34957074265597,-0.6214268696307623,2.0528059707630804,2.6655043840279395,2.565899130591106
Quad,14.22,53.17303350494693,5.851611100697982,-3.73714829837326,-4.767809177928163,2.7766591736481234
Chovy,15.09,52.95831467117106,1.0338258715724753,3.648469086647484,-0.0084338532192425,-1.9705114172075096
ShowMaker,16.03,52.77103180779023,3.357328338914889,-1.3711983585203151,0.8772581721569639,-2.236112745404936
Faker,16.08,52.30708161789332,0.750617204252847,2.4772381247009743,0.6427619270111763,-0.3372023124692308
SeTab,16.03,52.040151928826404,0.050941527701736,4.051588280179829,-0.2047829831702513,0.333239814377005
Ucal,15.17,52.009610120008006,2.884281927207341,-2.240887918878822,0.3877090263410759,1.2172557408718154
Bdd,15.04,51.84793826727315,5.189290954033515,-6.330418634658798,-1.1366876446415068,3.139539816191384
ShowMaker,16.04,51.707061317560814,3.2590840818122184,-0.7234365532858412,-0.5697873648541556,-1.4929115963031698
Zeka,15.24,51.390766940297596,1.485737024070674,-0.0437232249150952,1.0452767801993064,0.5207041614620321
Zeka,16.01,51.3312531747785,2.1981718015626,1.538672371192841,-1.8246124332301603,-0.2782418908773713
FATE,14.16,51.13008982965198,2.42861189186171,-1.6811280656811898,2.0812918562353877,-1.4983872810367889
Bdd,15.08,51.0389223142189,2.2281145737875283,-0.7329195589362488,-1.611839209319798,3.2173776765287605
ShowMaker,16.01,50.928164312834355,0.8755226744104904,0.5208524077448864,2.36856685219985,-0.8261002421919293
Scout,15.18,50.67868751949545,2.9606161100131803,-1.85220219375393,-0.4829066280359607,0.7582498163116254
ShowMaker,15.23,50.64189246251922,0.2240903822872575,0.1726319644010333,2.1391668304788607,2.1838948227734507
Quad,15.05,50.5990280848789,1.0329977801136745,0.5543590043898374,-0.45418985624433,2.812874836506923
Zeka,16.05,50.4765381662435,2.094322979107196,0.4930236487980676,-0.3034967806592926,-0.9823884233310772
Fisher,16.04,50.45581177844025,0.3519774688337209,1.881918156498788,2.0068369421676646,-1.2633891943121194
kyeahoo,15.13,50.377894671042256,1.032909179237949,-1.2967182644518838,3.0139271071007063,0.5650595181309723
SeTab,16.07,50.02272116263638,-0.6262024672638027,3.115024379682075,1.245812078659578,0.7237097381117622
BuLLDoG,16.01,49.871694099448675,0.0922951026841141,2.7675537238887897,0.2045865784454102,0.4662379019637622
Quad,16.05,49.86761027944281,-0.3527205466585387,1.2693415135297033,2.827982109759908,0.5548783746441422
Ucal,16.04,49.740422208492106,2.415811043993148,-0.9125313777926568,-0.3526851685999858,0.0791335235150014
Karis,16.04,49.72968386073593,0.4906430460827798,2.6936028154437723,-0.29161232114883,-0.0575958709834506
Karis,16.06,49.624004176811695,0.6772333721320561,0.7593262324676976,2.006542642131999,-0.8674902273566807
BuLLDoG,16.09,49.622723338995286,0.0154019465071873,2.6176898514186706,0.5050068681359551,0.362825221511705
Zeka,16.06,49.59262964590381,1.965076363304076,1.062533803598667,-0.4321755427077061,-1.951891235433004
Quad,16.04,49.58548840956088,0.7962507809634746,1.0647623195151643,0.7212394190034053,0.1753688471412211
Ucal,16.02,49.49390492194859,-0.5890644540174679,0.9053085319784422,4.106366495993744,-0.2424613926086549
Fisher,16.06,49.35867510850311,0.541518750781221,1.831318519305669,-0.1130662047058765,0.8122784926551377
Fisher,14.13,49.07762882176383,3.1343521068469635,-2.6283208008152403,0.2959261713787753,-0.6906599338253255
Ucal,15.12,48.953807125257086,2.505695873540992,-2.2068847668408904,0.4660693620583187,0.321939086137912
ShowMaker,16.09,48.83584339773212,1.621568552038039,0.8788906467874477,-0.6354582849298177,-0.6296051484146519
SeTab,15.16,48.643089060440005,0.0654329671524436,2.1633371874165808,0.3853736708697681,0.5685128020790836
Karis,16.01,48.276948751576825,-0.432824342129069,2.8153034708651616,1.1758417622980144,-0.4133231862636555
FATE,15.11,48.11587036241805,1.5957636044395993,-2.524074240412178,1.835443616396091,1.2719213654455228
Karis,16.07,48.077049055135674,0.1773806396757081,2.499976215304589,-0.2413819480386404,0.1975999393240946
Loki,16.05,48.027101361910425,0.9744396426305022,2.071979478118973,-1.1950538969096114,-0.2515095943559968
Chovy,15.15,47.63478992179295,0.2089732272185237,1.5933020965969062,0.9334712800390804,-0.4026718614590583
Loki,16.03,47.5071597446857,1.2344459320859236,1.204602986593596,-0.2396046971462039,-1.400561868088761
BuLLDoG,16.05,47.32938437426645,-0.4407790677484186,2.4316347965819585,0.8619682744329552,0.1870760873137077
kyeahoo,15.18,47.17825866227336,0.485532452925915,-1.3087197320527029,2.8804721744243547,0.5640668800162394
Faker,16.01,47.13543245116259,0.3627079086967739,2.567214035267141,-0.4281929668340381,-0.8702769571974794
Faker,16.03,46.94436079071755,0.4446873652117153,2.219149828058657,-0.3279007748105054,-0.7983185989157854
Ucal,15.15,46.84552136867857,1.3084956336045912,-1.3495399874594285,1.0173187773197705,0.5732210226417471
BuLLDoG,16.07,46.68702802568199,0.0635287874498072,1.4725666701919733,0.3458682993243475,0.6166285762280834
kyeahoo,15.21,46.55130605962967,1.0271064343251584,-1.6781145942584257,1.679692667819342,0.8860707876925585
Fisher,14.14,46.18935881859352,2.495438074879118,-0.7221910211276017,-1.4411336991248114,-1.134085336640524
Fisher,14.19,46.0749623756667,3.0822772249124197,-3.499190201553716,0.8075660100715186,-1.6960113437289204
Quad,15.21,46.01029123981239,1.7884498054843263,-2.6338533937441726,1.319978927714749,0.2599430831458467
Scout,16.02,45.86860568349402,1.715895048708417,2.775909913852057,-4.032591995766112,-0.9725937553589848
Karis,15.02,45.516029004634746,-0.2551361035333646,2.090770312538043,-1.2957294906527344,2.395698265017717
Roamer,16.07,45.45356375597174,-0.2666962499566953,2.1879355459242884,-1.120201541550497,1.9412553181471357
SeTab,15.23,45.341270270448376,-0.7476003792682373,1.909633767676628,0.0223967578921525,2.199621323233097
Bdd,15.16,44.99790955748253,1.81982976613342,-0.2021843032921955,-2.762248375049957,1.5121863967210685
Zeka,14.12,44.817110419229834,0.7212931158500544,-0.1866740282619604,0.2898693062387747,0.2734307002148718
Pullbae,16.06,44.75670178007828,1.0126511447816662,2.129287151657389,-2.480950201302565,-0.589365013354751
Scout,16.04,44.476719066628206,2.025988553245691,0.2747099124274941,-2.261978246468896,-1.178101377557527
SeTab,15.21,44.46951456001067,-1.6861859300462574,1.4788824219480918,2.416893242564445,1.815670568380849
FATE,14.17,44.464684915221966,-0.1573450125944899,0.1213154990387773,0.7032269914016075,1.8052963111101408
kyeahoo,15.02,44.42687540445613,-0.0484737526164503,-1.025409039639745,2.4036500987350657,0.8148266931348752
Bdd,16.06,44.411712813209334,0.3712718705887685,0.3968029594511691,0.4061266714192936,-0.0489145843952132
ShowMaker,16.07,44.25624527870093,1.0751159130166132,0.4808355634425177,-1.353185402244479,0.0884051426570014
Bdd,15.14,43.96422385935853,0.7301805749174816,-2.444368433639064,1.4184525936491117,2.007194677997464
Bdd,16.02,43.95392698249919,1.680095898064415,-0.5587300940542105,-1.0712383575149709,-0.7121117901925523
Fisher,15.21,43.599202913352556,-0.2659876188114734,-0.2795241802739189,0.5322045842504891,2.605814571664608
Bdd,16.04,43.590603785588506,0.784989443368265,-1.211386219180587,1.448407816265788,-0.7063549096460084
Bdd,15.03,43.52268402625579,0.4975584821354673,-2.0266532151522583,1.429734178266934,1.7304596322426309
Chovy,15.07,43.46829077750847,0.527706960952426,1.0904408160824457,-1.1685362864006648,0.0292704817456003
Loki,16.01,43.368136405206485,0.4061459621285543,1.5680700825746186,-0.6091077526609676,-1.3729373358517514
Ucal,14.13,43.19236242128479,1.9090095867828176,-2.498688413699275,0.5087711646657699,-0.9507605583602744
Chovy,15.06,43.11181495893733,0.5384895573672945,1.1474781584346,-1.5821628834559829,0.308681569050719
Pullbae,16.08,43.02910826204992,1.3886406101972082,-1.3881797421066853,-0.9920351069522276,1.051682602676892
Faker,16.09,42.95431359030191,-0.3178668532527163,1.9701988829007788,-0.8031962016107388,0.3820735411569262
Calix,16.01,42.90000851178662,0.8640882373636124,0.8221705093320044,-0.9043910919155088,-1.4078023772678905
Ucal,16.05,42.77530936500377,0.555556958777196,-0.223934566297323,0.153370226037222,-0.2134221093221775
Ucal,15.08,42.66133048338362,-0.3620047436310351,-0.4923664338866299,1.7722999137173023,0.7523300299097697
Zeka,16.04,42.44313178318182,0.857047339538003,1.0975698768363384,-0.8140294562396907,-2.323743248835012
kyeahoo,15.17,42.30191210243301,0.5228573792724907,-2.5449352746349216,3.5881147239721605,-1.6098792677072031
Bdd,16.05,41.90850588469928,0.1380957482483418,0.3439804093027722,-0.7933244652014774,1.0944935008574894
kyeahoo,15.16,41.84231770083833,0.3797021008761618,-0.937968830442932,0.8579759413625027,-0.0405803842203306
Scout,15.19,41.79366918602199,1.6608632649500643,-2.5579242036311527,0.2538400472330134,-0.5135345950224437
Scout,16.06,41.7905017898643,0.4485351559566491,0.3576579489547703,0.2626771466899564,-1.7206464812815006
Calix,16.08,41.73919758472984,0.3200463639719305,0.8708849050703078,-0.0460385451765063,-1.7645967105207716
Loki,16.04,41.68819928092228,0.6355639919069574,2.086051287644913,-3.335735728228823,0.1121590024199719
Karis,16.05,41.63430597842503,-0.5463792687586564,1.693821170963489,1.1847618904857615,-2.3350573355498736
Ucal,16.01,41.60267720147032,0.9183474516679644,-0.4405004793208005,-0.7828461995249193,-0.3363552474899983
kyeahoo,15.22,41.564070723621846,-1.8128025822126077,-0.2576742385274707,4.889699030385975,-0.3926720639678748
Bdd,14.17,41.435682419707256,-0.2504255260838885,-0.9246810017202496,0.6009212832847763,2.20645615358234
Roamer,16.04,41.39727222212267,-0.5520788251502756,1.3477462637321356,0.7329283966769776,-1.1303411352901456
Fisher,16.01,41.370365377776814,0.269615516204949,2.010118152510968,-1.1327197885094669,-2.1899053239384
Ucal,16.03,41.215184189446525,0.2868522883098937,0.2587380354179276,0.1018933311668482,-1.1157888753170304
ShowMaker,14.14,41.06737296263789,1.8082320985561924,-3.251312861835064,0.6989192259832246,-0.927821454344316
Karis,15.21,41.02486194822546,-1.0051803347055046,-1.4514272442909424,3.698039760427827,0.5683963222430489
Karis,15.15,40.95199331040487,-0.9933549591283212,0.9772059541685504,-0.6131269078990281,2.864932430652336
Quad,16.06,40.8692771657192,-2.6246896464326164,2.9304201490191475,0.6994477788468975,2.7157791006459213
ShowMaker,16.05,40.86326400938957,0.666651255319287,-0.4853879131388531,-0.353213844467557,-0.562120639269617
Chovy,15.05,40.766592730235864,-0.6356723921782289,0.6616372298114543,0.8108010931885298,-0.1359715749528188
Karis,16.03,40.737928684525215,-1.704576316683149,2.4342826733047964,2.856836079936138,-2.979794402660023
SeTab,15.19,40.64479619781078,-1.5628764030499545,0.2994648342919442,2.529060972940703,0.8709417714473904
Zeka,16.09,40.47051445905865,-0.0651840899860863,0.4581246471060613,1.027285164911719,-2.229920900975114
Fisher,15.17,40.44745306584203,-1.2963461812786248,0.4327930695463379,1.3820410031786965,1.4059548967487678
Fisher,15.16,40.42592430021762,0.4052922572739444,-2.496716876590501,1.54790159445333,0.6922059777495513
FATE,14.19,40.33322055183775,1.3644064504953786,-1.6882320480615485,-1.5240463468909846,0.7601773310244244
VicLa,16.07,40.1918697442199,1.347736864246071,-0.6687340436289306,-2.895091922236998,1.0341315301272525
Karis,15.24,40.03240739455613,-1.904971240788527,0.2690911239899021,2.7007511243138924,1.4136506451465611
Karis,16.09,39.91698341661919,-2.1309850591701385,2.3956826995899045,1.6016821022672962,-0.0251162464945237
kyeahoo,15.07,39.89496579661312,-0.6167379726989328,0.0071762551187334,1.113847405632648,-0.0574601829071181
Ucal,14.14,39.888893114990466,-0.1970179393301677,-0.137359343689508,0.3021874517632303,0.0600263915951956
Calix,16.07,39.654440756032976,-0.5410429653723483,0.9641200251476792,0.3702843756759743,-1.0354498065352489
Ucal,15.13,39.600206632842024,0.2793956614583372,-2.523808862729402,2.1932365055417966,-0.3873283140314931
ShowMaker,15.24,39.31898819545617,-1.101612146003469,-1.0869540010426284,2.426411169433478,1.125108787929484
Ucal,16.06,39.26594795725794,-0.865143418899342,-0.1397487679209183,1.3587864186821177,0.2536867818775649
Bdd,16.09,39.183492785455975,-0.2223853539418973,0.1223603013373912,-0.5816135687360948,0.607257274329826
VicLa,15.18,39.106194731272964,0.9822676054560604,-1.4809357265190422,-1.6247269995266445,1.0356901964716068
SeTab,15.22,38.75122445511415,-1.2405579972503873,0.1109222299349503,1.4808062716221086,0.5409072178195625
Ucal,15.11,38.73345032947466,1.2615513055989758,-2.641054769475756,-1.219372447483701,1.3151744715696567
Quad,15.24,38.69735093133951,-1.4498621378599594,0.3348307468717904,2.003545868472321,-0.0161559864844515
Chovy,15.24,38.571917940648895,-2.174346380121505,1.732612365702101,2.6691043542694834,-1.2328340993245872
Quad,15.12,38.33751416916518,-2.064397967490241,0.9650381793479024,1.0998804861829117,2.107667297700392
VicLa,16.06,38.3321330586978,0.4458809194188924,-1.1142521900269196,0.0833134007655051,-1.010653775959666
kyeahoo,15.06,37.952218819151135,-0.5588425401027696,-0.9896050371403168,1.591593522360919,-0.4624032294110539
VicLa,16.05,37.9472028409553,0.1794095235875666,0.2479260128863076,-0.8835957496421982,-1.3090825436946547
Roamer,16.03,37.93701931605577,-0.4309041657080112,0.6913512513329382,-0.5831364775527713,-0.5296907363382596
Roamer,16.06,37.82287582578074,-0.2740146831001909,0.4693836513157152,-0.8045170139274226,-0.38306828056993
Bdd,14.18,37.820708526323614,0.4243349366623203,-3.041893114881535,-0.5949828138813027,3.295904068701358
Scout,16.05,37.78682775111328,0.2655734401825614,0.4659345353144116,-1.7021709113186714,-0.8110766464024146
Scout,15.13,37.7136850606536,-0.5010652439356633,-1.1404933480550064,-1.869781774564219,4.913440363186636
Fisher,15.24,37.696609716544835,-0.7178175728296426,0.3658717858830868,-0.0706780618351514,0.0674393397461293
Bdd,15.01,37.652729253610936,0.0072467562146496,-1.4086780714628753,-0.4372485255196685,1.3846227443248234
Bdd,16.03,37.382618040287355,1.129352947267326,-0.6351346466261405,-3.459650344619662,0.7711541596734571
Callme,16.11,37.24042925350022,1.5118994812373163,-0.6279672571403891,-1.5357710658808523,-3.6589807667059047
Ucal,14.19,37.165946128725516,0.2265308255097791,-3.642983662185276,2.854694119492416,-0.8051362547828316
Faker,16.04,36.80573080110182,-1.4395393171115056,1.9276803082090568,0.4171128310099925,-1.6748254747964044
kyeahoo,15.15,36.681137058877745,-1.141709922633777,-0.5625288827027366,1.3426797837412088,0.2979321724117019
kyeahoo,15.08,36.64126117367889,-1.0494955149531828,-0.3222062601864732,1.125632251838416,-0.1341295062796192
Bdd,15.24,36.60670722778873,0.2555654891945232,-1.2704956254721722,-0.5240835731016749,-0.2505455843593223
Ucal,14.02,36.54228271539847,0.4410286291784714,-2.3972011617613904,0.0950881677345852,0.1496070665408678
Ucal,15.14,36.27141010909155,-0.5419908455953566,-1.2298182835349951,-0.0928533378804537,1.4752237067254403
VicLa,16.04,36.021495697005584,-0.6037649416113348,-0.198020116134838,-0.004236177997005,-0.4907634556560875
Clozer,16.06,35.97364005763208,1.0862282876710796,-1.1600181969610497,-1.7482393396313325,-1.7442705359666626
Calix,16.02,35.93322048413654,-0.8121245384395814,1.2028451937275897,-0.8574098921558198,-1.041865748549467
Bdd,15.18,35.86068101777863,-0.9987012758547894,-0.3488831468888604,-0.9119170643977146,2.4438344036473687
Quad,15.13,35.860562178648934,-2.8556679754487866,1.8598776419110772,0.3123990412507473,2.786839433330842
Calix,16.06,35.75608822201038,-0.1657458707244472,0.3165531991336346,-0.2321141397802361,-2.7198948080123126
Callme,15.22,35.623721302318465,-0.3695450251074622,0.970276834459868,-2.1861951164876245,-0.2249378180728947
Roamer,16.05,35.495262169869534,-0.9996181712293276,1.350361773773783,-1.0770398620724122,-0.614773233255099
Fisher,15.02,35.42547800348897,-2.496572942176729,0.9850130589631092,3.2167859270786674,-1.6986765485068949
Bdd,14.15,35.34521847047352,-0.8983764153440381,-1.2424832927004692,-0.0515469191370398,2.0351126037339933
Ucal,15.19,35.278624155943696,-1.4971092361534033,-0.8316699451077523,1.6645988280090964,0.5676091979319997
Fisher,14.16,35.21688337323956,1.2888853901404604,-2.233951244964856,-1.389093179786722,-1.539397462586587
Bdd,14.22,35.21342582378912,0.0431382739994708,-3.0524754754829373,-0.1201591427109638,2.1579362712611947
Bdd,16.11,35.137701463018885,-0.228186929891731,1.4879932120337778,-3.992841993898858,0.8869012251806973
Scout,16.01,35.051927290265,0.6346326873085311,-0.2854338767879374,-2.495748616783498,-1.2270073144404423
Bdd,15.19,35.01146502141124,1.776655896552409,-2.1246847641290225,-4.415223883297357,1.2460010407102302
Karis,15.16,34.991020382363175,-0.7651565073702493,0.1012400780432875,-0.7936463094604519,0.0842926514117911
VicLa,16.11,34.61253086543765,-1.4566771354763226,1.8979126888727569,-2.0021595748434065,0.8196555656358092
Bdd,16.01,34.47032649866335,-0.5159595636905501,-0.6805171133634894,0.1155881428206111,-1.111271564290076
VicLa,16.08,34.297136542734314,-0.8920342386945778,-0.6617002218438567,-0.2156958944563499,0.5355263707675474
Clozer,16.01,34.29096223784759,-0.2575763154579947,0.9501272716352251,-2.930290527684425,-0.2630100174097828
Calix,16.09,34.17377840664886,-0.9163894615977236,1.305796494299637,-1.029790112024471,-1.750618813081971
Ucal,14.12,33.916602245455095,-1.135315183886893,-1.4670120077005833,1.4549985740640157,-0.0599819004014166
Bdd,15.06,33.81302154549277,-0.9498393760339536,-1.3385907023828805,-0.7326373565820524,2.4584473862178906
ShowMaker,16.08,33.809588614696516,-0.8884852820917173,1.5362830407816186,-1.5853734079544368,-1.6252861106245673
Karis,15.18,33.78758560222044,-2.1538190602330154,0.4224856660336847,1.2444126959352944,0.2032220064086744
kyeahoo,15.09,33.764382310187706,-2.085461248617296,0.1108131967528195,1.4588776342181136,0.1846944194058232
Loki,16.11,33.64582051691295,-1.7431415773029992,1.6947172809265216,0.5540528231439286,-2.499342455812912
kyeahoo,15.14,33.42890405322952,-2.272990312584941,-0.6844903070245295,2.295309611804795,0.7260550307747453
VicLa,15.17,32.914486035627455,-1.021846748577956,-0.4573268728571775,-0.658338644673437,0.4003061251648369
kyeahoo,15.12,32.84247200011798,-2.144733244965433,-1.0618146441213077,2.8794512205067075,-0.3251526118501198
ShowMaker,15.19,32.53524434936512,-1.730913689396071,-0.4651277486368053,0.423880446370476,0.8606385969362601
Quad,15.17,32.488957572372705,-2.2768607595225188,0.7545292564927024,0.3582766473555472,0.5667846694281768
Bdd,15.09,32.28847429537653,-1.6988327233575125,-0.9548961197085222,-1.214935306126747,4.061898333675498
ShowMaker,15.18,32.12617790921611,-0.565966579037448,-2.0333368001145744,0.037014995703995,0.1097633073249703
Bdd,15.17,31.865142842039802,-1.4497392265789393,-0.0475024929123894,-2.044607135223932,2.603969919407924
kyeahoo,15.19,31.519580103594087,-2.0102404994538974,-1.3892939034270444,2.313051717662214,-0.1551589739236967
Callme,16.01,31.40362081999573,-1.2052785660045051,0.9234469480708972,-1.4908337082842202,-1.1578856833924596
Bdd,14.24,31.211705013223295,-1.191985667985296,-2.412067777869151,1.0208706056606214,0.7687009469061429
Bdd,15.05,31.149719775198985,-1.9833046560553569,-1.6474037063741869,1.8570540463554928,0.6995821562025453
Bdd,16.07,31.06400706993122,-2.3673394573409885,1.1313801269980817,-0.6185182673369329,0.7994341967501628
VicLa,16.01,31.046749040075532,-1.661775646912522,0.5736861550271836,-0.3501537110261088,-1.0086755265333252
Fisher,16.03,30.892062605731788,-1.2538849252421431,2.2427067583957,-2.8627960159067607,-1.5596384798267986
FATE,15.06,30.86244508571329,-1.7769765458010782,-1.2356526890083297,0.8600016497883083,0.6380864910536799
Callme,15.23,30.75900033387486,-0.2644349442340199,-1.1150782063512683,-1.8079693138727004,-0.5605988125565581
Bdd,15.13,30.463877581037487,-1.7367480935163004,-0.5469698315841518,-1.4109153831318986,2.570017345249856
SeTab,15.02,30.24950123580117,-3.2333244065240603,1.2317687500258785,-0.1421777393739649,2.265045893063928
Roamer,16.08,30.225968323325127,-1.2284884454911624,0.7753203867748975,-2.137613793999184,-0.5587989199660545
Ucal,16.07,29.909568972680187,-2.4643663303393897,-0.2693556945696486,0.8325145310734546,0.6317943872690776
Fisher,16.05,29.84796925724853,0.0807127977744169,-0.5026348518331177,-4.030011189669084,0.0676454816625053
FATE,14.24,29.63037731229501,-0.7099759287921925,-1.620777720283162,-1.5501457766945663,0.7226264621774632
Bdd,15.07,29.387321577533818,-2.234051650055807,-0.1642280673733902,0.3489518141454397,0.0836640409071708
kyeahoo,15.24,29.104920684712127,-3.807444442895617,-1.66517658120262,5.175642580935532,0.3412320535466399
FATE,14.12,28.789920763295598,-2.9317759926558686,0.598896092298839,2.002242653362072,-1.9351747679982216
Quad,15.14,28.610102938982564,-2.9477601009361374,1.3215786038299149,-1.0781365547023736,1.5428231991359478
Calix,16.05,28.31962292167352,-0.0071048064726714,-1.130000147675609,-2.069124765374326,-2.581404771313764
VicLa,16.02,28.283106704428285,-2.23095169669841,1.8567021771349463,-2.586582461658943,0.3107262737714159
Clozer,16.03,28.207877285455453,-0.6916600146627877,0.777665435067017,-3.819387278719282,-1.0438418848579056
Bdd,15.15,28.136478019458966,-1.889574303480552,-1.942175775209125,-0.8037288850651074,3.146324344619712
Calix,16.03,27.725221927965286,-1.5525726337066637,-0.0512815484620379,-0.8716775029442754,-1.5858669528879692
Bdd,14.23,27.557129328722134,-1.39088663547705,-3.7013423679502497,1.1417773536764086,1.2101185170064044
VicLa,16.03,27.509344174301,-1.4434532417783712,-0.1024303851191137,-1.1902975457418048,-1.5007745838373605
Scout,16.03,27.485097108270985,-1.269077294467989,0.9150917490943438,-3.40983346972978,-0.4564196910911547
Ucal,15.24,27.245689094658374,-1.4086688610797302,-3.54587578440666,0.6541659865948777,1.5533919048846192
Roamer,16.01,27.16736535255174,-2.084246748111746,0.7029944991329877,-1.4150681030156909,-0.6639813373276852
FATE,15.16,27.13931791264065,-2.172989934422635,-1.0132920977278823,0.3908771359063236,-0.1123489018806738
kyeahoo,15.23,27.09814805882395,-3.5874508650909824,-2.0525671216440915,4.721704643607531,-0.2918515148516125
Scout,15.15,26.994250982762658,-1.4385393574552217,-1.139706174882735,-0.9638328763286992,-0.3272256745111362
FATE,14.23,26.956477504626328,-1.7584993015931716,-1.0299143754903832,-1.1046540546675678,0.7528597222341648
Karis,15.19,26.917908339134478,-3.8374795224899416,0.5967005138089688,1.288489657095544,1.0368637515943542
Scout,16.07,26.883307869448352,-1.570144505622193,0.1164295412900862,-1.0461256605133225,-2.1044093131662702
FATE,15.03,26.798206765321858,-1.4759265492133875,-1.857177532483994,-0.5353336290562788,0.2985597253066283
FATE,15.04,26.58236264001654,-1.4050381780457564,-1.6832537869141055,-0.2789268201110236,-0.8013463275796273
Clozer,16.11,26.52049817676632,-1.6485849064493832,0.2726449857637001,-2.756076552977196,0.3347714896495526
Ucal,15.02,26.486000628133162,-0.276328894294276,-3.6984795370055714,-0.837051071050697,-0.1449343883335693
FATE,15.14,26.480835722055645,-2.4986998742609985,-0.3598999407936993,-0.1995492434864623,0.3046013033822006
Quad,15.19,26.229002167644104,-1.409165792947889,-2.0094396452263816,-1.2072471493927417,1.0368059234588
Ucal,16.08,25.899502099491396,-3.454980533104839,0.7690311882864945,0.1567831522877985,0.5499279489207236
Clozer,16.05,25.49851622255119,-0.5826095770248024,-0.8585771172216543,-2.685495757175215,-1.9943059335001077
Quad,15.22,25.463985348480023,-1.8213707130561296,-1.4478512820003977,-0.6568151918407671,0.0462678533634103
Quad,15.16,25.3828440018759,-2.733993705402279,-0.5911013108398749,0.9873788846523216,-1.0650776516754674
Fisher,14.18,25.37866179751351,-1.803188384677904,-2.228231449827691,0.439165216061239,-0.3810923858464692
Ucal,16.09,24.992213121674673,-1.5119700760316137,-1.1255562873665703,-2.5827398677631934,1.141622055114493
Fisher,14.15,24.983565767085302,-0.9386570375637864,-0.7972071997804883,-3.0942607119405694,-0.5930293380015181
Scout,15.14,24.963339120275574,-1.6730642876741089,-1.2887674075175206,-1.3280031078905636,-0.0127894678801217
FATE,15.13,24.912450509012977,-1.5681629203107172,-2.27625576502464,-1.0317213631933997,0.924644669348616
VicLa,15.23,24.814956691820804,-2.126162641974188,-1.231519628145047,-0.8697553401879293,0.5971473138895318
Scout,16.09,24.755443163601456,-1.7757668903016175,-0.313016664353393,-1.91886800222361,-0.6408653593730668
Ucal,14.15,24.61356193682616,-1.4515856819685629,-2.396398472069692,-0.52055260341457,-0.2515354865784551
Roamer,16.09,24.60390997963586,-1.7321859611878676,-0.1531158919992169,-1.2093056899479722,-2.29494441341926
FATE,15.05,24.522520045067118,-2.7012486869872907,-1.3414348987250462,0.6826086380653134,0.1055882161290958
FATE,15.22,24.27143949862285,-2.8925155124129547,-0.9281266674092848,0.3956076916634841,0.2909444280366753
Scout,15.16,24.235751633971987,-2.0387139759523025,-1.880311923761766,-0.7062409531342267,0.8439473027485908
FATE,15.09,23.892741611410703,-2.606893365344405,-1.7307370114066605,0.8716374472301343,-0.2150309840740227
FATE,14.02,23.639736885549038,-1.82692852614754,-3.1372788090849766,0.3997358656679522,0.2783243609242829
Calix,16.04,23.457756760115117,-2.1252480954970503,-1.289744021479576,0.5727616071390177,-2.456789279549723
FATE,15.07,23.3484663271144,-2.773554904988375,-0.8552859862115144,0.1666719960087173,-0.4841446058854052
Bdd,16.08,23.074978489996955,-4.224514159760262,2.5853646879315177,-0.8037091084009587,-0.4706027984121595
Scout,15.24,22.979308472973887,-1.3150631628327074,-2.4212056812928044,-1.1315729460894666,-0.7702248167230299
Callme,15.24,22.76477389401776,-2.4819621673814725,-0.7461143130530979,-0.7403609141733186,-0.6197777297155842
Scout,15.23,22.621813468611975,-2.0352142905378634,-1.525239563951336,-1.4541262957063217,0.3145732490719335
Scout,15.17,22.396831406858734,-1.4978494701205138,-2.768153954065824,-1.0472713865789085,-0.0346253506619218
FATE,15.01,22.38749830364882,-2.5461169904976533,-1.3539813246227947,-0.3530504392748296,-0.1555426811945827
Clozer,16.04,22.372606468317294,-0.3348209496009863,-0.1317524277861473,-4.354854111445267,-3.55779479831772
Ucal,14.23,21.729308792419683,-0.9495441689401808,-4.114693298379852,-0.8440384193275631,-0.2002640984637878
Clozer,16.02,20.950818698853407,-1.3223726685254689,0.2567025346911986,-4.033238473515349,-2.355668687678932
Quad,15.15,20.928440690795828,-3.2640549924488487,-1.2612135956003223,0.1733472296275568,0.3244904495445025
Fisher,15.23,20.292105189070945,-2.953573537416728,-0.2905741697546932,-1.757859775016248,0.1406960530282685
VicLa,15.22,20.20161158431012,-4.890300012276454,0.7669782095584925,0.6285398320131976,0.9531370765442072
Scout,16.08,20.116734083249405,-1.8905003377536875,-0.4880933654659006,-2.3271238798974614,-2.313611446037928
Clozer,16.09,19.97779837684009,-2.415048778349518,0.783285574593115,-3.1194858775605434,-1.6891710000215454
VicLa,15.02,19.822446247483235,-3.236328468180695,-0.6294329343529124,-1.2670449140750348,0.6328063864090969
Clozer,16.07,19.701974932898466,-2.178898429507496,0.8934736818808907,-3.781816288283858,-1.8240842376366264
FATE,14.18,19.7004017388542,-4.555470355873767,0.6445705069073214,0.014336764118729,0.6839749069041405
Calix,16.11,19.670841635989298,-2.4990508056765144,0.1240157970556688,-2.5494796170707383,-1.3065267328934351
Karis,16.11,19.51546401706809,-3.5886012224343724,-2.7185904032809542,5.117439991089617,-4.642006187121686
FATE,15.15,19.51270042099589,-2.294408193313101,-1.4504791896653964,-1.4334203489893145,-1.002394831455126
FATE,15.02,19.04049409913807,-2.4542490573124125,-2.05289955131922,-0.2255604975741736,-1.5789048793700196
VicLa,15.24,18.783508663031593,-3.1573361833321445,-1.3947527062598712,-0.3795027116984574,-0.3203674020530962
FATE,14.15,18.55994765338987,-2.6976442386941253,-0.6093591256414553,-1.3639535330863295,-1.8951749513525469
Fisher,15.19,18.31849987488768,-3.021910064202369,-0.3294843276105844,-3.0748328101395304,1.231485456295213
FATE,16.01,18.07453508934866,-3.404774628586364,1.7464569220486454,-2.7691216609654696,-1.881610082864366
VicLa,16.09,17.839579589769727,-2.7294283347362565,-0.9487811480312736,-2.670349451740964,0.4170570236124796
Ucal,14.24,17.82702524982776,-1.8640762254555296,-3.888924850069725,-0.7078242329563645,-0.2735648481836186
Bdd,15.02,17.619940512812235,-4.148067187124465,-0.1096165028876372,-0.6675509684029833,0.3938320456890806
Bdd,14.16,17.238235110670853,-3.4503119196615755,-2.141254506495657,0.1814592215145518,0.1349459234893779
kyeahoo,15.05,16.85814388383443,-4.45543281867053,-0.3643360199768785,2.0248240997453357,-2.841992504452315
Clozer,15.24,16.78066554810926,-2.9746983135348315,-1.4304197802344687,-1.356450495785492,-0.6389532105871905
Quad,15.18,16.020459852367946,-4.7695429118815404,-0.0805146383768706,0.4436788068163605,-0.3496006051501896
Fisher,16.09,15.875356029153757,-5.341312786680512,2.6062365409238444,-1.4053365855118318,-0.4735268426393921
VicLa,15.19,15.840996583245477,-3.80031282865598,-1.0751624723254731,-0.8762331828636724,0.1399509412435325
FATE,15.08,15.724390694207258,-3.489011615960715,-1.244529999269402,-0.6478779720228641,-1.0411891765871029
Ucal,15.23,15.2176951515872,-3.4261647552585672,-2.5000867142717564,0.2974645612519831,-0.7944284369147856
FATE,15.12,14.782421924267798,-1.8877256122021024,-4.167852016352667,-1.5797989186083583,-0.2969848983772843
Quad,15.23,13.823450740435973,-3.326072586964468,-2.465014730917096,-1.0333505099294815,-0.0083274137153834
Ucal,15.01,13.40376535392954,-3.328833061356576,-3.143564787775289,-1.1459753301144977,1.1364835864444955
Bdd,15.11,12.574634095316085,-4.392732673245382,-3.75185162705109,1.9718760067486096,0.3867824259015041
Ucal,15.18,11.823574290907167,-6.143088973870061,-0.7324893232610864,4.3708781137542365,-3.4415253188305424
Quad,15.02,11.358740345640022,-5.514862610889656,-2.705110387856804,4.332534597551012,-2.2286479913824127
Fisher,16.07,10.2836834043147,-5.870873960043095,3.210602696479837,-2.920105889950162,-1.0355034245544628
Quad,15.06,9.229564486508743,-6.747939524419544,1.7760699830452402,-2.2446099150305225,2.783347835133843
Clozer,16.08,8.006108126714075,-4.20344770511941,0.2244858459478506,-2.479206122425472,-3.433674033044821
Karis,15.22,7.88180042325034,-7.1735269302610485,0.5433182398432047,2.072172849270922,-1.2183820906018306
Fisher,15.22,1.985130887269996,-5.698922337576264,-1.5748519244138088,-1.5792738015817072,-0.4502729211608579
Ucal,14.22,0.0,-5.250393033415627,-3.1289142051194268,-1.4756518465230224,-0.6032221760296037
